LOCATION,INDICATOR,SUBJECT,MEASURE,FREQUENCY,TIME,Value,Flag Codes
OECD,CCI,AMPLITUD,LTRENDIDX,M,1974-01,98.87871,
OECD,CCI,AMPLITUD,LTRENDIDX,M,1974-02,98.82097,
OECD,CCI,AMPLITUD,LTRENDIDX,M,1974-03,98.96082,
OECD,CCI,AMPLITUD,LTRENDIDX,M,1974-04,99.11282,
OECD,CCI,AMPLITUD,LTRENDIDX,M,1974-05,99.0931,
OECD,CCI,AMPLITUD,LTRENDIDX,M,1974-06,98.91512,
OECD,CCI,AMPLITUD,LTRENDIDX,M,1974-07,98.66422,
OECD,CCI,AMPLITUD,LTRENDIDX,M,1974-08,98.41836,
OECD,CCI,AMPLITUD,LTRENDIDX,M,1974-09,98.19778,
OECD,CCI,AMPLITUD,LTRENDIDX,M,1974-10,98.02478,
OECD,CCI,AMPLITUD,LTRENDIDX,M,1974-11,97.94923,
OECD,CCI,AMPLITUD,LTRENDIDX,M,1974-12,97.97561,
OECD,CCI,AMPLITUD,LTRENDIDX,M,1975-01,98.13638,
OECD,CCI,AMPLITUD,LTRENDIDX,M,1975-02,98.41613,
OECD,CCI,AMPLITUD,LTRENDIDX,M,1975-03,98.73788,
OECD,CCI,AMPLITUD,LTRENDIDX,M,1975-04,99.02735,
OECD,CCI,AMPLITUD,LTRENDIDX,M,1975-05,99.21923,
OECD,CCI,AMPLITUD,LTRENDIDX,M,1975-06,99.33564,
OECD,CCI,AMPLITUD,LTRENDIDX,M,1975-07,99.42543,
OECD,CCI,AMPLITUD,LTRENDIDX,M,1975-08,99.4849,
OECD,CCI,AMPLITUD,LTRENDIDX,M,1975-09,99.5555,
OECD,CCI,AMPLITUD,LTRENDIDX,M,1975-10,99.71397,
OECD,CCI,AMPLITUD,LTRENDIDX,M,1975-11,100.0111,
OECD,CCI,AMPLITUD,LTRENDIDX,M,1975-12,100.3907,
OECD,CCI,AMPLITUD,LTRENDIDX,M,1976-01,100.7321,
OECD,CCI,AMPLITUD,LTRENDIDX,M,1976-02,100.9083,
OECD,CCI,AMPLITUD,LTRENDIDX,M,1976-03,100.9731,
OECD,CCI,AMPLITUD,LTRENDIDX,M,1976-04,101.013,
OECD,CCI,AMPLITUD,LTRENDIDX,M,1976-05,101.0748,
OECD,CCI,AMPLITUD,LTRENDIDX,M,1976-06,101.1153,
OECD,CCI,AMPLITUD,LTRENDIDX,M,1976-07,101.0915,
OECD,CCI,AMPLITUD,LTRENDIDX,M,1976-08,100.9897,
OECD,CCI,AMPLITUD,LTRENDIDX,M,1976-09,100.8578,
OECD,CCI,AMPLITUD,LTRENDIDX,M,1976-10,100.7609,
OECD,CCI,AMPLITUD,LTRENDIDX,M,1976-11,100.7636,
OECD,CCI,AMPLITUD,LTRENDIDX,M,1976-12,100.8357,
OECD,CCI,AMPLITUD,LTRENDIDX,M,1977-01,100.9261,
OECD,CCI,AMPLITUD,LTRENDIDX,M,1977-02,100.9649,
OECD,CCI,AMPLITUD,LTRENDIDX,M,1977-03,100.9318,
OECD,CCI,AMPLITUD,LTRENDIDX,M,1977-04,100.8573,
OECD,CCI,AMPLITUD,LTRENDIDX,M,1977-05,100.8186,
OECD,CCI,AMPLITUD,LTRENDIDX,M,1977-06,100.8821,
OECD,CCI,AMPLITUD,LTRENDIDX,M,1977-07,101.0079,
OECD,CCI,AMPLITUD,LTRENDIDX,M,1977-08,101.128,
OECD,CCI,AMPLITUD,LTRENDIDX,M,1977-09,101.2393,
OECD,CCI,AMPLITUD,LTRENDIDX,M,1977-10,101.3505,
OECD,CCI,AMPLITUD,LTRENDIDX,M,1977-11,101.4422,
OECD,CCI,AMPLITUD,LTRENDIDX,M,1977-12,101.5196,
OECD,CCI,AMPLITUD,LTRENDIDX,M,1978-01,101.5618,
OECD,CCI,AMPLITUD,LTRENDIDX,M,1978-02,101.5427,
OECD,CCI,AMPLITUD,LTRENDIDX,M,1978-03,101.4773,
OECD,CCI,AMPLITUD,LTRENDIDX,M,1978-04,101.4771,
OECD,CCI,AMPLITUD,LTRENDIDX,M,1978-05,101.5076,
OECD,CCI,AMPLITUD,LTRENDIDX,M,1978-06,101.5147,
OECD,CCI,AMPLITUD,LTRENDIDX,M,1978-07,101.5299,
OECD,CCI,AMPLITUD,LTRENDIDX,M,1978-08,101.5114,
OECD,CCI,AMPLITUD,LTRENDIDX,M,1978-09,101.4961,
OECD,CCI,AMPLITUD,LTRENDIDX,M,1978-10,101.3598,
OECD,CCI,AMPLITUD,LTRENDIDX,M,1978-11,101.0783,
OECD,CCI,AMPLITUD,LTRENDIDX,M,1978-12,100.7875,
OECD,CCI,AMPLITUD,LTRENDIDX,M,1979-01,100.6879,
OECD,CCI,AMPLITUD,LTRENDIDX,M,1979-02,100.6665,
OECD,CCI,AMPLITUD,LTRENDIDX,M,1979-03,100.5955,
OECD,CCI,AMPLITUD,LTRENDIDX,M,1979-04,100.5054,
OECD,CCI,AMPLITUD,LTRENDIDX,M,1979-05,100.3922,
OECD,CCI,AMPLITUD,LTRENDIDX,M,1979-06,100.1835,
OECD,CCI,AMPLITUD,LTRENDIDX,M,1979-07,99.96275,
OECD,CCI,AMPLITUD,LTRENDIDX,M,1979-08,99.84413,
OECD,CCI,AMPLITUD,LTRENDIDX,M,1979-09,99.72427,
OECD,CCI,AMPLITUD,LTRENDIDX,M,1979-10,99.53056,
OECD,CCI,AMPLITUD,LTRENDIDX,M,1979-11,99.34943,
OECD,CCI,AMPLITUD,LTRENDIDX,M,1979-12,99.17297,
OECD,CCI,AMPLITUD,LTRENDIDX,M,1980-01,99.00792,
OECD,CCI,AMPLITUD,LTRENDIDX,M,1980-02,98.75857,
OECD,CCI,AMPLITUD,LTRENDIDX,M,1980-03,98.41054,
OECD,CCI,AMPLITUD,LTRENDIDX,M,1980-04,98.18035,
OECD,CCI,AMPLITUD,LTRENDIDX,M,1980-05,98.15546,
OECD,CCI,AMPLITUD,LTRENDIDX,M,1980-06,98.3167,
OECD,CCI,AMPLITUD,LTRENDIDX,M,1980-07,98.57118,
OECD,CCI,AMPLITUD,LTRENDIDX,M,1980-08,98.88616,
OECD,CCI,AMPLITUD,LTRENDIDX,M,1980-09,99.13271,
OECD,CCI,AMPLITUD,LTRENDIDX,M,1980-10,99.19559,
OECD,CCI,AMPLITUD,LTRENDIDX,M,1980-11,99.04466,
OECD,CCI,AMPLITUD,LTRENDIDX,M,1980-12,98.77655,
OECD,CCI,AMPLITUD,LTRENDIDX,M,1981-01,98.63013,
OECD,CCI,AMPLITUD,LTRENDIDX,M,1981-02,98.47978,
OECD,CCI,AMPLITUD,LTRENDIDX,M,1981-03,98.422,
OECD,CCI,AMPLITUD,LTRENDIDX,M,1981-04,98.51022,
OECD,CCI,AMPLITUD,LTRENDIDX,M,1981-05,98.62051,
OECD,CCI,AMPLITUD,LTRENDIDX,M,1981-06,98.60186,
OECD,CCI,AMPLITUD,LTRENDIDX,M,1981-07,98.55031,
OECD,CCI,AMPLITUD,LTRENDIDX,M,1981-08,98.48267,
OECD,CCI,AMPLITUD,LTRENDIDX,M,1981-09,98.3661,
OECD,CCI,AMPLITUD,LTRENDIDX,M,1981-10,98.2075,
OECD,CCI,AMPLITUD,LTRENDIDX,M,1981-11,98.10046,
OECD,CCI,AMPLITUD,LTRENDIDX,M,1981-12,98.17738,
OECD,CCI,AMPLITUD,LTRENDIDX,M,1982-01,98.3671,
OECD,CCI,AMPLITUD,LTRENDIDX,M,1982-02,98.43651,
OECD,CCI,AMPLITUD,LTRENDIDX,M,1982-03,98.48934,
OECD,CCI,AMPLITUD,LTRENDIDX,M,1982-04,98.60517,
OECD,CCI,AMPLITUD,LTRENDIDX,M,1982-05,98.65865,
OECD,CCI,AMPLITUD,LTRENDIDX,M,1982-06,98.58803,
OECD,CCI,AMPLITUD,LTRENDIDX,M,1982-07,98.44559,
OECD,CCI,AMPLITUD,LTRENDIDX,M,1982-08,98.37055,
OECD,CCI,AMPLITUD,LTRENDIDX,M,1982-09,98.39,
OECD,CCI,AMPLITUD,LTRENDIDX,M,1982-10,98.46664,
OECD,CCI,AMPLITUD,LTRENDIDX,M,1982-11,98.5323,
OECD,CCI,AMPLITUD,LTRENDIDX,M,1982-12,98.62581,
OECD,CCI,AMPLITUD,LTRENDIDX,M,1983-01,98.84624,
OECD,CCI,AMPLITUD,LTRENDIDX,M,1983-02,99.23718,
OECD,CCI,AMPLITUD,LTRENDIDX,M,1983-03,99.73015,
OECD,CCI,AMPLITUD,LTRENDIDX,M,1983-04,100.1293,
OECD,CCI,AMPLITUD,LTRENDIDX,M,1983-05,100.3371,
OECD,CCI,AMPLITUD,LTRENDIDX,M,1983-06,100.3947,
OECD,CCI,AMPLITUD,LTRENDIDX,M,1983-07,100.3934,
OECD,CCI,AMPLITUD,LTRENDIDX,M,1983-08,100.361,
OECD,CCI,AMPLITUD,LTRENDIDX,M,1983-09,100.3297,
OECD,CCI,AMPLITUD,LTRENDIDX,M,1983-10,100.3716,
OECD,CCI,AMPLITUD,LTRENDIDX,M,1983-11,100.5414,
OECD,CCI,AMPLITUD,LTRENDIDX,M,1983-12,100.7784,
OECD,CCI,AMPLITUD,LTRENDIDX,M,1984-01,100.9674,
OECD,CCI,AMPLITUD,LTRENDIDX,M,1984-02,100.9931,
OECD,CCI,AMPLITUD,LTRENDIDX,M,1984-03,100.9276,
OECD,CCI,AMPLITUD,LTRENDIDX,M,1984-04,100.7904,
OECD,CCI,AMPLITUD,LTRENDIDX,M,1984-05,100.6849,
OECD,CCI,AMPLITUD,LTRENDIDX,M,1984-06,100.6306,
OECD,CCI,AMPLITUD,LTRENDIDX,M,1984-07,100.6911,
OECD,CCI,AMPLITUD,LTRENDIDX,M,1984-08,100.8018,
OECD,CCI,AMPLITUD,LTRENDIDX,M,1984-09,100.8761,
OECD,CCI,AMPLITUD,LTRENDIDX,M,1984-10,100.851,
OECD,CCI,AMPLITUD,LTRENDIDX,M,1984-11,100.8343,
OECD,CCI,AMPLITUD,LTRENDIDX,M,1984-12,100.8489,
OECD,CCI,AMPLITUD,LTRENDIDX,M,1985-01,100.8979,
OECD,CCI,AMPLITUD,LTRENDIDX,M,1985-02,100.8686,
OECD,CCI,AMPLITUD,LTRENDIDX,M,1985-03,100.8341,
OECD,CCI,AMPLITUD,LTRENDIDX,M,1985-04,100.8255,
OECD,CCI,AMPLITUD,LTRENDIDX,M,1985-05,100.8298,
OECD,CCI,AMPLITUD,LTRENDIDX,M,1985-06,100.8725,
OECD,CCI,AMPLITUD,LTRENDIDX,M,1985-07,100.8775,
OECD,CCI,AMPLITUD,LTRENDIDX,M,1985-08,100.863,
OECD,CCI,AMPLITUD,LTRENDIDX,M,1985-09,100.8684,
OECD,CCI,AMPLITUD,LTRENDIDX,M,1985-10,100.9174,
OECD,CCI,AMPLITUD,LTRENDIDX,M,1985-11,101.0215,
OECD,CCI,AMPLITUD,LTRENDIDX,M,1985-12,101.1561,
OECD,CCI,AMPLITUD,LTRENDIDX,M,1986-01,101.2748,
OECD,CCI,AMPLITUD,LTRENDIDX,M,1986-02,101.3342,
OECD,CCI,AMPLITUD,LTRENDIDX,M,1986-03,101.3575,
OECD,CCI,AMPLITUD,LTRENDIDX,M,1986-04,101.373,
OECD,CCI,AMPLITUD,LTRENDIDX,M,1986-05,101.3944,
OECD,CCI,AMPLITUD,LTRENDIDX,M,1986-06,101.4361,
OECD,CCI,AMPLITUD,LTRENDIDX,M,1986-07,101.4116,
OECD,CCI,AMPLITUD,LTRENDIDX,M,1986-08,101.3372,
OECD,CCI,AMPLITUD,LTRENDIDX,M,1986-09,101.256,
OECD,CCI,AMPLITUD,LTRENDIDX,M,1986-10,101.2112,
OECD,CCI,AMPLITUD,LTRENDIDX,M,1986-11,101.1277,
OECD,CCI,AMPLITUD,LTRENDIDX,M,1986-12,101.0458,
OECD,CCI,AMPLITUD,LTRENDIDX,M,1987-01,101.0247,
OECD,CCI,AMPLITUD,LTRENDIDX,M,1987-02,101.0658,
OECD,CCI,AMPLITUD,LTRENDIDX,M,1987-03,101.1405,
OECD,CCI,AMPLITUD,LTRENDIDX,M,1987-04,101.2253,
OECD,CCI,AMPLITUD,LTRENDIDX,M,1987-05,101.2834,
OECD,CCI,AMPLITUD,LTRENDIDX,M,1987-06,101.355,
OECD,CCI,AMPLITUD,LTRENDIDX,M,1987-07,101.4278,
OECD,CCI,AMPLITUD,LTRENDIDX,M,1987-08,101.4462,
OECD,CCI,AMPLITUD,LTRENDIDX,M,1987-09,101.379,
OECD,CCI,AMPLITUD,LTRENDIDX,M,1987-10,101.2182,
OECD,CCI,AMPLITUD,LTRENDIDX,M,1987-11,101.0838,
OECD,CCI,AMPLITUD,LTRENDIDX,M,1987-12,101.1245,
OECD,CCI,AMPLITUD,LTRENDIDX,M,1988-01,101.2567,
OECD,CCI,AMPLITUD,LTRENDIDX,M,1988-02,101.3888,
OECD,CCI,AMPLITUD,LTRENDIDX,M,1988-03,101.4904,
OECD,CCI,AMPLITUD,LTRENDIDX,M,1988-04,101.5396,
OECD,CCI,AMPLITUD,LTRENDIDX,M,1988-05,101.6017,
OECD,CCI,AMPLITUD,LTRENDIDX,M,1988-06,101.6526,
OECD,CCI,AMPLITUD,LTRENDIDX,M,1988-07,101.709,
OECD,CCI,AMPLITUD,LTRENDIDX,M,1988-08,101.7921,
OECD,CCI,AMPLITUD,LTRENDIDX,M,1988-09,101.8198,
OECD,CCI,AMPLITUD,LTRENDIDX,M,1988-10,101.7846,
OECD,CCI,AMPLITUD,LTRENDIDX,M,1988-11,101.7461,
OECD,CCI,AMPLITUD,LTRENDIDX,M,1988-12,101.7087,
OECD,CCI,AMPLITUD,LTRENDIDX,M,1989-01,101.6857,
OECD,CCI,AMPLITUD,LTRENDIDX,M,1989-02,101.5755,
OECD,CCI,AMPLITUD,LTRENDIDX,M,1989-03,101.4025,
OECD,CCI,AMPLITUD,LTRENDIDX,M,1989-04,101.24,
OECD,CCI,AMPLITUD,LTRENDIDX,M,1989-05,101.1626,
OECD,CCI,AMPLITUD,LTRENDIDX,M,1989-06,101.1713,
OECD,CCI,AMPLITUD,LTRENDIDX,M,1989-07,101.2423,
OECD,CCI,AMPLITUD,LTRENDIDX,M,1989-08,101.323,
OECD,CCI,AMPLITUD,LTRENDIDX,M,1989-09,101.4102,
OECD,CCI,AMPLITUD,LTRENDIDX,M,1989-10,101.3837,
OECD,CCI,AMPLITUD,LTRENDIDX,M,1989-11,101.33,
OECD,CCI,AMPLITUD,LTRENDIDX,M,1989-12,101.3138,
OECD,CCI,AMPLITUD,LTRENDIDX,M,1990-01,101.3076,
OECD,CCI,AMPLITUD,LTRENDIDX,M,1990-02,101.2542,
OECD,CCI,AMPLITUD,LTRENDIDX,M,1990-03,101.2063,
OECD,CCI,AMPLITUD,LTRENDIDX,M,1990-04,101.1841,
OECD,CCI,AMPLITUD,LTRENDIDX,M,1990-05,101.1072,
OECD,CCI,AMPLITUD,LTRENDIDX,M,1990-06,100.9722,
OECD,CCI,AMPLITUD,LTRENDIDX,M,1990-07,100.72,
OECD,CCI,AMPLITUD,LTRENDIDX,M,1990-08,100.2667,
OECD,CCI,AMPLITUD,LTRENDIDX,M,1990-09,99.7678,
OECD,CCI,AMPLITUD,LTRENDIDX,M,1990-10,99.42897,
OECD,CCI,AMPLITUD,LTRENDIDX,M,1990-11,99.33853,
OECD,CCI,AMPLITUD,LTRENDIDX,M,1990-12,99.38447,
OECD,CCI,AMPLITUD,LTRENDIDX,M,1991-01,99.4976,
OECD,CCI,AMPLITUD,LTRENDIDX,M,1991-02,99.78915,
OECD,CCI,AMPLITUD,LTRENDIDX,M,1991-03,100.1978,
OECD,CCI,AMPLITUD,LTRENDIDX,M,1991-04,100.3443,
OECD,CCI,AMPLITUD,LTRENDIDX,M,1991-05,100.3402,
OECD,CCI,AMPLITUD,LTRENDIDX,M,1991-06,100.2919,
OECD,CCI,AMPLITUD,LTRENDIDX,M,1991-07,100.216,
OECD,CCI,AMPLITUD,LTRENDIDX,M,1991-08,100.154,
OECD,CCI,AMPLITUD,LTRENDIDX,M,1991-09,100.0816,
OECD,CCI,AMPLITUD,LTRENDIDX,M,1991-10,99.86378,
OECD,CCI,AMPLITUD,LTRENDIDX,M,1991-11,99.56079,
OECD,CCI,AMPLITUD,LTRENDIDX,M,1991-12,99.3514,
OECD,CCI,AMPLITUD,LTRENDIDX,M,1992-01,99.30876,
OECD,CCI,AMPLITUD,LTRENDIDX,M,1992-02,99.4305,
OECD,CCI,AMPLITUD,LTRENDIDX,M,1992-03,99.61481,
OECD,CCI,AMPLITUD,LTRENDIDX,M,1992-04,99.72762,
OECD,CCI,AMPLITUD,LTRENDIDX,M,1992-05,99.74673,
OECD,CCI,AMPLITUD,LTRENDIDX,M,1992-06,99.64899,
OECD,CCI,AMPLITUD,LTRENDIDX,M,1992-07,99.44772,
OECD,CCI,AMPLITUD,LTRENDIDX,M,1992-08,99.21935,
OECD,CCI,AMPLITUD,LTRENDIDX,M,1992-09,99.02752,
OECD,CCI,AMPLITUD,LTRENDIDX,M,1992-10,98.95709,
OECD,CCI,AMPLITUD,LTRENDIDX,M,1992-11,99.08215,
OECD,CCI,AMPLITUD,LTRENDIDX,M,1992-12,99.23811,
OECD,CCI,AMPLITUD,LTRENDIDX,M,1993-01,99.31681,
OECD,CCI,AMPLITUD,LTRENDIDX,M,1993-02,99.3019,
OECD,CCI,AMPLITUD,LTRENDIDX,M,1993-03,99.26239,
OECD,CCI,AMPLITUD,LTRENDIDX,M,1993-04,99.21056,
OECD,CCI,AMPLITUD,LTRENDIDX,M,1993-05,99.07693,
OECD,CCI,AMPLITUD,LTRENDIDX,M,1993-06,98.90633,
OECD,CCI,AMPLITUD,LTRENDIDX,M,1993-07,98.77527,
OECD,CCI,AMPLITUD,LTRENDIDX,M,1993-08,98.74043,
OECD,CCI,AMPLITUD,LTRENDIDX,M,1993-09,98.78793,
OECD,CCI,AMPLITUD,LTRENDIDX,M,1993-10,98.90107,
OECD,CCI,AMPLITUD,LTRENDIDX,M,1993-11,99.09211,
OECD,CCI,AMPLITUD,LTRENDIDX,M,1993-12,99.43063,
OECD,CCI,AMPLITUD,LTRENDIDX,M,1994-01,99.78834,
OECD,CCI,AMPLITUD,LTRENDIDX,M,1994-02,100.0091,
OECD,CCI,AMPLITUD,LTRENDIDX,M,1994-03,100.1316,
OECD,CCI,AMPLITUD,LTRENDIDX,M,1994-04,100.2659,
OECD,CCI,AMPLITUD,LTRENDIDX,M,1994-05,100.4296,
OECD,CCI,AMPLITUD,LTRENDIDX,M,1994-06,100.593,
OECD,CCI,AMPLITUD,LTRENDIDX,M,1994-07,100.7356,
OECD,CCI,AMPLITUD,LTRENDIDX,M,1994-08,100.8927,
OECD,CCI,AMPLITUD,LTRENDIDX,M,1994-09,101.0161,
OECD,CCI,AMPLITUD,LTRENDIDX,M,1994-10,101.0844,
OECD,CCI,AMPLITUD,LTRENDIDX,M,1994-11,101.096,
OECD,CCI,AMPLITUD,LTRENDIDX,M,1994-12,101.084,
OECD,CCI,AMPLITUD,LTRENDIDX,M,1995-01,101.0383,
OECD,CCI,AMPLITUD,LTRENDIDX,M,1995-02,100.8795,
OECD,CCI,AMPLITUD,LTRENDIDX,M,1995-03,100.6854,
OECD,CCI,AMPLITUD,LTRENDIDX,M,1995-04,100.5824,
OECD,CCI,AMPLITUD,LTRENDIDX,M,1995-05,100.5682,
OECD,CCI,AMPLITUD,LTRENDIDX,M,1995-06,100.6667,
OECD,CCI,AMPLITUD,LTRENDIDX,M,1995-07,100.754,
OECD,CCI,AMPLITUD,LTRENDIDX,M,1995-08,100.7461,
OECD,CCI,AMPLITUD,LTRENDIDX,M,1995-09,100.6181,
OECD,CCI,AMPLITUD,LTRENDIDX,M,1995-10,100.5152,
OECD,CCI,AMPLITUD,LTRENDIDX,M,1995-11,100.4525,
OECD,CCI,AMPLITUD,LTRENDIDX,M,1995-12,100.442,
OECD,CCI,AMPLITUD,LTRENDIDX,M,1996-01,100.4461,
OECD,CCI,AMPLITUD,LTRENDIDX,M,1996-02,100.4614,
OECD,CCI,AMPLITUD,LTRENDIDX,M,1996-03,100.4986,
OECD,CCI,AMPLITUD,LTRENDIDX,M,1996-04,100.4576,
OECD,CCI,AMPLITUD,LTRENDIDX,M,1996-05,100.393,
OECD,CCI,AMPLITUD,LTRENDIDX,M,1996-06,100.4012,
OECD,CCI,AMPLITUD,LTRENDIDX,M,1996-07,100.4502,
OECD,CCI,AMPLITUD,LTRENDIDX,M,1996-08,100.5098,
OECD,CCI,AMPLITUD,LTRENDIDX,M,1996-09,100.5554,
OECD,CCI,AMPLITUD,LTRENDIDX,M,1996-10,100.6029,
OECD,CCI,AMPLITUD,LTRENDIDX,M,1996-11,100.6276,
OECD,CCI,AMPLITUD,LTRENDIDX,M,1996-12,100.6225,
OECD,CCI,AMPLITUD,LTRENDIDX,M,1997-01,100.6654,
OECD,CCI,AMPLITUD,LTRENDIDX,M,1997-02,100.759,
OECD,CCI,AMPLITUD,LTRENDIDX,M,1997-03,100.8664,
OECD,CCI,AMPLITUD,LTRENDIDX,M,1997-04,100.9852,
OECD,CCI,AMPLITUD,LTRENDIDX,M,1997-05,101.1281,
OECD,CCI,AMPLITUD,LTRENDIDX,M,1997-06,101.2801,
OECD,CCI,AMPLITUD,LTRENDIDX,M,1997-07,101.3968,
OECD,CCI,AMPLITUD,LTRENDIDX,M,1997-08,101.4359,
OECD,CCI,AMPLITUD,LTRENDIDX,M,1997-09,101.4509,
OECD,CCI,AMPLITUD,LTRENDIDX,M,1997-10,101.4418,
OECD,CCI,AMPLITUD,LTRENDIDX,M,1997-11,101.4339,
OECD,CCI,AMPLITUD,LTRENDIDX,M,1997-12,101.425,
OECD,CCI,AMPLITUD,LTRENDIDX,M,1998-01,101.5023,
OECD,CCI,AMPLITUD,LTRENDIDX,M,1998-02,101.6015,
OECD,CCI,AMPLITUD,LTRENDIDX,M,1998-03,101.632,
OECD,CCI,AMPLITUD,LTRENDIDX,M,1998-04,101.6142,
OECD,CCI,AMPLITUD,LTRENDIDX,M,1998-05,101.5402,
OECD,CCI,AMPLITUD,LTRENDIDX,M,1998-06,101.4477,
OECD,CCI,AMPLITUD,LTRENDIDX,M,1998-07,101.3779,
OECD,CCI,AMPLITUD,LTRENDIDX,M,1998-08,101.2981,
OECD,CCI,AMPLITUD,LTRENDIDX,M,1998-09,101.2446,
OECD,CCI,AMPLITUD,LTRENDIDX,M,1998-10,101.2775,
OECD,CCI,AMPLITUD,LTRENDIDX,M,1998-11,101.4247,
OECD,CCI,AMPLITUD,LTRENDIDX,M,1998-12,101.5763,
OECD,CCI,AMPLITUD,LTRENDIDX,M,1999-01,101.7607,
OECD,CCI,AMPLITUD,LTRENDIDX,M,1999-02,101.884,
OECD,CCI,AMPLITUD,LTRENDIDX,M,1999-03,101.8744,
OECD,CCI,AMPLITUD,LTRENDIDX,M,1999-04,101.8257,
OECD,CCI,AMPLITUD,LTRENDIDX,M,1999-05,101.8103,
OECD,CCI,AMPLITUD,LTRENDIDX,M,1999-06,101.8224,
OECD,CCI,AMPLITUD,LTRENDIDX,M,1999-07,101.8297,
OECD,CCI,AMPLITUD,LTRENDIDX,M,1999-08,101.8504,
OECD,CCI,AMPLITUD,LTRENDIDX,M,1999-09,101.9115,
OECD,CCI,AMPLITUD,LTRENDIDX,M,1999-10,101.9988,
OECD,CCI,AMPLITUD,LTRENDIDX,M,1999-11,102.127,
OECD,CCI,AMPLITUD,LTRENDIDX,M,1999-12,102.2641,
OECD,CCI,AMPLITUD,LTRENDIDX,M,2000-01,102.4056,
OECD,CCI,AMPLITUD,LTRENDIDX,M,2000-02,102.4445,
OECD,CCI,AMPLITUD,LTRENDIDX,M,2000-03,102.416,
OECD,CCI,AMPLITUD,LTRENDIDX,M,2000-04,102.4083,
OECD,CCI,AMPLITUD,LTRENDIDX,M,2000-05,102.3919,
OECD,CCI,AMPLITUD,LTRENDIDX,M,2000-06,102.3356,
OECD,CCI,AMPLITUD,LTRENDIDX,M,2000-07,102.3048,
OECD,CCI,AMPLITUD,LTRENDIDX,M,2000-08,102.2253,
OECD,CCI,AMPLITUD,LTRENDIDX,M,2000-09,102.0782,
OECD,CCI,AMPLITUD,LTRENDIDX,M,2000-10,101.9677,
OECD,CCI,AMPLITUD,LTRENDIDX,M,2000-11,101.8291,
OECD,CCI,AMPLITUD,LTRENDIDX,M,2000-12,101.6069,
OECD,CCI,AMPLITUD,LTRENDIDX,M,2001-01,101.3892,
OECD,CCI,AMPLITUD,LTRENDIDX,M,2001-02,101.2248,
OECD,CCI,AMPLITUD,LTRENDIDX,M,2001-03,101.1385,
OECD,CCI,AMPLITUD,LTRENDIDX,M,2001-04,101.0783,
OECD,CCI,AMPLITUD,LTRENDIDX,M,2001-05,101.0238,
OECD,CCI,AMPLITUD,LTRENDIDX,M,2001-06,100.9633,
OECD,CCI,AMPLITUD,LTRENDIDX,M,2001-07,100.8396,
OECD,CCI,AMPLITUD,LTRENDIDX,M,2001-08,100.612,
OECD,CCI,AMPLITUD,LTRENDIDX,M,2001-09,100.3221,
OECD,CCI,AMPLITUD,LTRENDIDX,M,2001-10,100.1691,
OECD,CCI,AMPLITUD,LTRENDIDX,M,2001-11,100.2197,
OECD,CCI,AMPLITUD,LTRENDIDX,M,2001-12,100.4116,
OECD,CCI,AMPLITUD,LTRENDIDX,M,2002-01,100.593,
OECD,CCI,AMPLITUD,LTRENDIDX,M,2002-02,100.7508,
OECD,CCI,AMPLITUD,LTRENDIDX,M,2002-03,100.8981,
OECD,CCI,AMPLITUD,LTRENDIDX,M,2002-04,100.9581,
OECD,CCI,AMPLITUD,LTRENDIDX,M,2002-05,100.9577,
OECD,CCI,AMPLITUD,LTRENDIDX,M,2002-06,100.8356,
OECD,CCI,AMPLITUD,LTRENDIDX,M,2002-07,100.662,
OECD,CCI,AMPLITUD,LTRENDIDX,M,2002-08,100.5032,
OECD,CCI,AMPLITUD,LTRENDIDX,M,2002-09,100.3497,
OECD,CCI,AMPLITUD,LTRENDIDX,M,2002-10,100.1615,
OECD,CCI,AMPLITUD,LTRENDIDX,M,2002-11,100.0234,
OECD,CCI,AMPLITUD,LTRENDIDX,M,2002-12,99.85177,
OECD,CCI,AMPLITUD,LTRENDIDX,M,2003-01,99.61469,
OECD,CCI,AMPLITUD,LTRENDIDX,M,2003-02,99.42268,
OECD,CCI,AMPLITUD,LTRENDIDX,M,2003-03,99.41416,
OECD,CCI,AMPLITUD,LTRENDIDX,M,2003-04,99.68127,
OECD,CCI,AMPLITUD,LTRENDIDX,M,2003-05,99.97203,
OECD,CCI,AMPLITUD,LTRENDIDX,M,2003-06,100.148,
OECD,CCI,AMPLITUD,LTRENDIDX,M,2003-07,100.2204,
OECD,CCI,AMPLITUD,LTRENDIDX,M,2003-08,100.2238,
OECD,CCI,AMPLITUD,LTRENDIDX,M,2003-09,100.2452,
OECD,CCI,AMPLITUD,LTRENDIDX,M,2003-10,100.3257,
OECD,CCI,AMPLITUD,LTRENDIDX,M,2003-11,100.4736,
OECD,CCI,AMPLITUD,LTRENDIDX,M,2003-12,100.6281,
OECD,CCI,AMPLITUD,LTRENDIDX,M,2004-01,100.7834,
OECD,CCI,AMPLITUD,LTRENDIDX,M,2004-02,100.7749,
OECD,CCI,AMPLITUD,LTRENDIDX,M,2004-03,100.7326,
OECD,CCI,AMPLITUD,LTRENDIDX,M,2004-04,100.6872,
OECD,CCI,AMPLITUD,LTRENDIDX,M,2004-05,100.6524,
OECD,CCI,AMPLITUD,LTRENDIDX,M,2004-06,100.6949,
OECD,CCI,AMPLITUD,LTRENDIDX,M,2004-07,100.7611,
OECD,CCI,AMPLITUD,LTRENDIDX,M,2004-08,100.7769,
OECD,CCI,AMPLITUD,LTRENDIDX,M,2004-09,100.7605,
OECD,CCI,AMPLITUD,LTRENDIDX,M,2004-10,100.7697,
OECD,CCI,AMPLITUD,LTRENDIDX,M,2004-11,100.8361,
OECD,CCI,AMPLITUD,LTRENDIDX,M,2004-12,100.9419,
OECD,CCI,AMPLITUD,LTRENDIDX,M,2005-01,101.0186,
OECD,CCI,AMPLITUD,LTRENDIDX,M,2005-02,100.9957,
OECD,CCI,AMPLITUD,LTRENDIDX,M,2005-03,100.8558,
OECD,CCI,AMPLITUD,LTRENDIDX,M,2005-04,100.6982,
OECD,CCI,AMPLITUD,LTRENDIDX,M,2005-05,100.6284,
OECD,CCI,AMPLITUD,LTRENDIDX,M,2005-06,100.6604,
OECD,CCI,AMPLITUD,LTRENDIDX,M,2005-07,100.6087,
OECD,CCI,AMPLITUD,LTRENDIDX,M,2005-08,100.3787,
OECD,CCI,AMPLITUD,LTRENDIDX,M,2005-09,100.0989,
OECD,CCI,AMPLITUD,LTRENDIDX,M,2005-10,100.0696,
OECD,CCI,AMPLITUD,LTRENDIDX,M,2005-11,100.3182,
OECD,CCI,AMPLITUD,LTRENDIDX,M,2005-12,100.6649,
OECD,CCI,AMPLITUD,LTRENDIDX,M,2006-01,100.9025,
OECD,CCI,AMPLITUD,LTRENDIDX,M,2006-02,100.9567,
OECD,CCI,AMPLITUD,LTRENDIDX,M,2006-03,100.925,
OECD,CCI,AMPLITUD,LTRENDIDX,M,2006-04,100.8198,
OECD,CCI,AMPLITUD,LTRENDIDX,M,2006-05,100.6388,
OECD,CCI,AMPLITUD,LTRENDIDX,M,2006-06,100.5393,
OECD,CCI,AMPLITUD,LTRENDIDX,M,2006-07,100.5095,
OECD,CCI,AMPLITUD,LTRENDIDX,M,2006-08,100.5397,
OECD,CCI,AMPLITUD,LTRENDIDX,M,2006-09,100.6921,
OECD,CCI,AMPLITUD,LTRENDIDX,M,2006-10,100.9154,
OECD,CCI,AMPLITUD,LTRENDIDX,M,2006-11,101.04,
OECD,CCI,AMPLITUD,LTRENDIDX,M,2006-12,101.0891,
OECD,CCI,AMPLITUD,LTRENDIDX,M,2007-01,101.0883,
OECD,CCI,AMPLITUD,LTRENDIDX,M,2007-02,101.0206,
OECD,CCI,AMPLITUD,LTRENDIDX,M,2007-03,100.9474,
OECD,CCI,AMPLITUD,LTRENDIDX,M,2007-04,100.9367,
OECD,CCI,AMPLITUD,LTRENDIDX,M,2007-05,100.9688,
OECD,CCI,AMPLITUD,LTRENDIDX,M,2007-06,100.9535,
OECD,CCI,AMPLITUD,LTRENDIDX,M,2007-07,100.913,
OECD,CCI,AMPLITUD,LTRENDIDX,M,2007-08,100.755,
OECD,CCI,AMPLITUD,LTRENDIDX,M,2007-09,100.5445,
OECD,CCI,AMPLITUD,LTRENDIDX,M,2007-10,100.2836,
OECD,CCI,AMPLITUD,LTRENDIDX,M,2007-11,99.97946,
OECD,CCI,AMPLITUD,LTRENDIDX,M,2007-12,99.72649,
OECD,CCI,AMPLITUD,LTRENDIDX,M,2008-01,99.46397,
OECD,CCI,AMPLITUD,LTRENDIDX,M,2008-02,99.10638,
OECD,CCI,AMPLITUD,LTRENDIDX,M,2008-03,98.68655,
OECD,CCI,AMPLITUD,LTRENDIDX,M,2008-04,98.1762,
OECD,CCI,AMPLITUD,LTRENDIDX,M,2008-05,97.68228,
OECD,CCI,AMPLITUD,LTRENDIDX,M,2008-06,97.30515,
OECD,CCI,AMPLITUD,LTRENDIDX,M,2008-07,97.18755,
OECD,CCI,AMPLITUD,LTRENDIDX,M,2008-08,97.26869,
OECD,CCI,AMPLITUD,LTRENDIDX,M,2008-09,97.26767,
OECD,CCI,AMPLITUD,LTRENDIDX,M,2008-10,96.96371,
OECD,CCI,AMPLITUD,LTRENDIDX,M,2008-11,96.68433,
OECD,CCI,AMPLITUD,LTRENDIDX,M,2008-12,96.51311,
OECD,CCI,AMPLITUD,LTRENDIDX,M,2009-01,96.424,
OECD,CCI,AMPLITUD,LTRENDIDX,M,2009-02,96.41466,
OECD,CCI,AMPLITUD,LTRENDIDX,M,2009-03,96.64324,
OECD,CCI,AMPLITUD,LTRENDIDX,M,2009-04,97.12495,
OECD,CCI,AMPLITUD,LTRENDIDX,M,2009-05,97.62383,
OECD,CCI,AMPLITUD,LTRENDIDX,M,2009-06,98.01936,
OECD,CCI,AMPLITUD,LTRENDIDX,M,2009-07,98.2794,
OECD,CCI,AMPLITUD,LTRENDIDX,M,2009-08,98.51568,
OECD,CCI,AMPLITUD,LTRENDIDX,M,2009-09,98.77187,
OECD,CCI,AMPLITUD,LTRENDIDX,M,2009-10,98.91152,
OECD,CCI,AMPLITUD,LTRENDIDX,M,2009-11,98.98368,
OECD,CCI,AMPLITUD,LTRENDIDX,M,2009-12,99.09028,
OECD,CCI,AMPLITUD,LTRENDIDX,M,2010-01,99.20661,
OECD,CCI,AMPLITUD,LTRENDIDX,M,2010-02,99.25217,
OECD,CCI,AMPLITUD,LTRENDIDX,M,2010-03,99.25594,
OECD,CCI,AMPLITUD,LTRENDIDX,M,2010-04,99.22534,
OECD,CCI,AMPLITUD,LTRENDIDX,M,2010-05,99.17127,
OECD,CCI,AMPLITUD,LTRENDIDX,M,2010-06,99.12183,
OECD,CCI,AMPLITUD,LTRENDIDX,M,2010-07,99.0483,
OECD,CCI,AMPLITUD,LTRENDIDX,M,2010-08,99.03488,
OECD,CCI,AMPLITUD,LTRENDIDX,M,2010-09,99.0412,
OECD,CCI,AMPLITUD,LTRENDIDX,M,2010-10,99.09325,
OECD,CCI,AMPLITUD,LTRENDIDX,M,2010-11,99.20107,
OECD,CCI,AMPLITUD,LTRENDIDX,M,2010-12,99.26431,
OECD,CCI,AMPLITUD,LTRENDIDX,M,2011-01,99.25014,
OECD,CCI,AMPLITUD,LTRENDIDX,M,2011-02,99.14907,
OECD,CCI,AMPLITUD,LTRENDIDX,M,2011-03,98.89793,
OECD,CCI,AMPLITUD,LTRENDIDX,M,2011-04,98.73391,
OECD,CCI,AMPLITUD,LTRENDIDX,M,2011-05,98.71191,
OECD,CCI,AMPLITUD,LTRENDIDX,M,2011-06,98.61015,
OECD,CCI,AMPLITUD,LTRENDIDX,M,2011-07,98.32172,
OECD,CCI,AMPLITUD,LTRENDIDX,M,2011-08,97.9698,
OECD,CCI,AMPLITUD,LTRENDIDX,M,2011-09,97.81322,
OECD,CCI,AMPLITUD,LTRENDIDX,M,2011-10,97.82553,
OECD,CCI,AMPLITUD,LTRENDIDX,M,2011-11,97.97987,
OECD,CCI,AMPLITUD,LTRENDIDX,M,2011-12,98.20216,
OECD,CCI,AMPLITUD,LTRENDIDX,M,2012-01,98.4551,
OECD,CCI,AMPLITUD,LTRENDIDX,M,2012-02,98.63925,
OECD,CCI,AMPLITUD,LTRENDIDX,M,2012-03,98.72403,
OECD,CCI,AMPLITUD,LTRENDIDX,M,2012-04,98.72065,
OECD,CCI,AMPLITUD,LTRENDIDX,M,2012-05,98.68072,
OECD,CCI,AMPLITUD,LTRENDIDX,M,2012-06,98.56815,
OECD,CCI,AMPLITUD,LTRENDIDX,M,2012-07,98.48537,
OECD,CCI,AMPLITUD,LTRENDIDX,M,2012-08,98.45848,
OECD,CCI,AMPLITUD,LTRENDIDX,M,2012-09,98.48784,
OECD,CCI,AMPLITUD,LTRENDIDX,M,2012-10,98.5506,
OECD,CCI,AMPLITUD,LTRENDIDX,M,2012-11,98.56302,
OECD,CCI,AMPLITUD,LTRENDIDX,M,2012-12,98.52238,
OECD,CCI,AMPLITUD,LTRENDIDX,M,2013-01,98.60969,
OECD,CCI,AMPLITUD,LTRENDIDX,M,2013-02,98.7451,
OECD,CCI,AMPLITUD,LTRENDIDX,M,2013-03,98.869,
OECD,CCI,AMPLITUD,LTRENDIDX,M,2013-04,98.98714,
OECD,CCI,AMPLITUD,LTRENDIDX,M,2013-05,99.15656,
OECD,CCI,AMPLITUD,LTRENDIDX,M,2013-06,99.30009,
OECD,CCI,AMPLITUD,LTRENDIDX,M,2013-07,99.40793,
OECD,CCI,AMPLITUD,LTRENDIDX,M,2013-08,99.42017,
OECD,CCI,AMPLITUD,LTRENDIDX,M,2013-09,99.36597,
OECD,CCI,AMPLITUD,LTRENDIDX,M,2013-10,99.30067,
OECD,CCI,AMPLITUD,LTRENDIDX,M,2013-11,99.34383,
OECD,CCI,AMPLITUD,LTRENDIDX,M,2013-12,99.45517,
OECD,CCI,AMPLITUD,LTRENDIDX,M,2014-01,99.52773,
OECD,CCI,AMPLITUD,LTRENDIDX,M,2014-02,99.58723,
OECD,CCI,AMPLITUD,LTRENDIDX,M,2014-03,99.69028,
OECD,CCI,AMPLITUD,LTRENDIDX,M,2014-04,99.81666,
OECD,CCI,AMPLITUD,LTRENDIDX,M,2014-05,99.88171,
OECD,CCI,AMPLITUD,LTRENDIDX,M,2014-06,99.89201,
OECD,CCI,AMPLITUD,LTRENDIDX,M,2014-07,99.85633,
OECD,CCI,AMPLITUD,LTRENDIDX,M,2014-08,99.8403,
OECD,CCI,AMPLITUD,LTRENDIDX,M,2014-09,99.86368,
OECD,CCI,AMPLITUD,LTRENDIDX,M,2014-10,99.93501,
OECD,CCI,AMPLITUD,LTRENDIDX,M,2014-11,100.0555,
OECD,CCI,AMPLITUD,LTRENDIDX,M,2014-12,100.2551,
OECD,CCI,AMPLITUD,LTRENDIDX,M,2015-01,100.4537,
OECD,CCI,AMPLITUD,LTRENDIDX,M,2015-02,100.5679,
OECD,CCI,AMPLITUD,LTRENDIDX,M,2015-03,100.61,
OECD,CCI,AMPLITUD,LTRENDIDX,M,2015-04,100.6051,
OECD,CCI,AMPLITUD,LTRENDIDX,M,2015-05,100.5418,
OECD,CCI,AMPLITUD,LTRENDIDX,M,2015-06,100.4946,
OECD,CCI,AMPLITUD,LTRENDIDX,M,2015-07,100.3826,
OECD,CCI,AMPLITUD,LTRENDIDX,M,2015-08,100.2947,
OECD,CCI,AMPLITUD,LTRENDIDX,M,2015-09,100.2748,
OECD,CCI,AMPLITUD,LTRENDIDX,M,2015-10,100.4039,
OECD,CCI,AMPLITUD,LTRENDIDX,M,2015-11,100.5621,
OECD,CCI,AMPLITUD,LTRENDIDX,M,2015-12,100.6131,
OECD,CCI,AMPLITUD,LTRENDIDX,M,2016-01,100.5227,
OECD,CCI,AMPLITUD,LTRENDIDX,M,2016-02,100.3803,
OECD,CCI,AMPLITUD,LTRENDIDX,M,2016-03,100.2913,
OECD,CCI,AMPLITUD,LTRENDIDX,M,2016-04,100.2907,
OECD,CCI,AMPLITUD,LTRENDIDX,M,2016-05,100.356,
OECD,CCI,AMPLITUD,LTRENDIDX,M,2016-06,100.3517,
OECD,CCI,AMPLITUD,LTRENDIDX,M,2016-07,100.2749,
OECD,CCI,AMPLITUD,LTRENDIDX,M,2016-08,100.2671,
OECD,CCI,AMPLITUD,LTRENDIDX,M,2016-09,100.3123,
OECD,CCI,AMPLITUD,LTRENDIDX,M,2016-10,100.3582,
OECD,CCI,AMPLITUD,LTRENDIDX,M,2016-11,100.4376,
OECD,CCI,AMPLITUD,LTRENDIDX,M,2016-12,100.4943,
OECD,CCI,AMPLITUD,LTRENDIDX,M,2017-01,100.4767,
OECD,CCI,AMPLITUD,LTRENDIDX,M,2017-02,100.4895,
OECD,CCI,AMPLITUD,LTRENDIDX,M,2017-03,100.5833,
OECD,CCI,AMPLITUD,LTRENDIDX,M,2017-04,100.6982,
OECD,CCI,AMPLITUD,LTRENDIDX,M,2017-05,100.7899,
OECD,CCI,AMPLITUD,LTRENDIDX,M,2017-06,100.8338,
OECD,CCI,AMPLITUD,LTRENDIDX,M,2017-07,100.8842,
OECD,CCI,AMPLITUD,LTRENDIDX,M,2017-08,100.9635,
OECD,CCI,AMPLITUD,LTRENDIDX,M,2017-09,101.048,
OECD,CCI,AMPLITUD,LTRENDIDX,M,2017-10,101.1452,
OECD,CCI,AMPLITUD,LTRENDIDX,M,2017-11,101.174,
OECD,CCI,AMPLITUD,LTRENDIDX,M,2017-12,101.1653,
OECD,CCI,AMPLITUD,LTRENDIDX,M,2018-01,101.1653,
OECD,CCI,AMPLITUD,LTRENDIDX,M,2018-02,101.1892,
OECD,CCI,AMPLITUD,LTRENDIDX,M,2018-03,101.1984,
OECD,CCI,AMPLITUD,LTRENDIDX,M,2018-04,101.1812,
OECD,CCI,AMPLITUD,LTRENDIDX,M,2018-05,101.1816,
OECD,CCI,AMPLITUD,LTRENDIDX,M,2018-06,101.2054,
OECD,CCI,AMPLITUD,LTRENDIDX,M,2018-07,101.2349,
OECD,CCI,AMPLITUD,LTRENDIDX,M,2018-08,101.1817,
OECD,CCI,AMPLITUD,LTRENDIDX,M,2018-09,101.0923,
OECD,CCI,AMPLITUD,LTRENDIDX,M,2018-10,100.9744,
OECD,CCI,AMPLITUD,LTRENDIDX,M,2018-11,100.8437,
OECD,CCI,AMPLITUD,LTRENDIDX,M,2018-12,100.7458,
OECD,CCI,AMPLITUD,LTRENDIDX,M,2019-01,100.7062,
OECD,CCI,AMPLITUD,LTRENDIDX,M,2019-02,100.7817,
OECD,CCI,AMPLITUD,LTRENDIDX,M,2019-03,100.8678,
OECD,CCI,AMPLITUD,LTRENDIDX,M,2019-04,100.8806,
OECD,CCI,AMPLITUD,LTRENDIDX,M,2019-05,100.8495,
OECD,CCI,AMPLITUD,LTRENDIDX,M,2019-06,100.7531,
OECD,CCI,AMPLITUD,LTRENDIDX,M,2019-07,100.6193,
OECD,CCI,AMPLITUD,LTRENDIDX,M,2019-08,100.4583,
OECD,CCI,AMPLITUD,LTRENDIDX,M,2019-09,100.434,
OECD,CCI,AMPLITUD,LTRENDIDX,M,2019-10,100.5056,
OECD,CCI,AMPLITUD,LTRENDIDX,M,2019-11,100.6522,
OECD,CCI,AMPLITUD,LTRENDIDX,M,2019-12,100.7636,
OECD,CCI,AMPLITUD,LTRENDIDX,M,2020-01,100.6957,
OECD,CCI,AMPLITUD,LTRENDIDX,M,2020-02,100.1967,
OECD,CCI,AMPLITUD,LTRENDIDX,M,2020-03,99.0984,
OECD,CCI,AMPLITUD,LTRENDIDX,M,2020-04,97.90463,
OECD,CCI,AMPLITUD,LTRENDIDX,M,2020-05,97.49561,
OECD,CCI,AMPLITUD,LTRENDIDX,M,2020-06,97.66282,
OECD,CCI,AMPLITUD,LTRENDIDX,M,2020-07,97.92032,
OECD,CCI,AMPLITUD,LTRENDIDX,M,2020-08,98.17178,
OECD,CCI,AMPLITUD,LTRENDIDX,M,2020-09,98.39246,
OECD,CCI,AMPLITUD,LTRENDIDX,M,2020-10,98.46632,
OECD,CCI,AMPLITUD,LTRENDIDX,M,2020-11,98.45558,
OECD,CCI,AMPLITUD,LTRENDIDX,M,2020-12,98.55577,
OECD,CCI,AMPLITUD,LTRENDIDX,M,2021-01,98.6983,
OECD,CCI,AMPLITUD,LTRENDIDX,M,2021-02,99.02261,
OECD,CCI,AMPLITUD,LTRENDIDX,M,2021-03,99.52654,
OECD,CCI,AMPLITUD,LTRENDIDX,M,2021-04,99.94442,
OECD,CCI,AMPLITUD,LTRENDIDX,M,2021-05,100.213,
OECD,CCI,AMPLITUD,LTRENDIDX,M,2021-06,100.3471,
OECD,CCI,AMPLITUD,LTRENDIDX,M,2021-07,100.223,
OECD,CCI,AMPLITUD,LTRENDIDX,M,2021-08,99.96818,
OECD,CCI,AMPLITUD,LTRENDIDX,M,2021-09,99.80173,
OECD,CCI,AMPLITUD,LTRENDIDX,M,2021-10,99.63028,
OECD,CCI,AMPLITUD,LTRENDIDX,M,2021-11,99.42422,
OECD,CCI,AMPLITUD,LTRENDIDX,M,2021-12,99.24213,
OECD,CCI,AMPLITUD,LTRENDIDX,M,2022-01,99.05858,
USA,CCI,AMPLITUD,LTRENDIDX,M,1973-12,97.51501,
USA,CCI,AMPLITUD,LTRENDIDX,M,1974-01,97.22338,
USA,CCI,AMPLITUD,LTRENDIDX,M,1974-02,97.32637,
USA,CCI,AMPLITUD,LTRENDIDX,M,1974-03,97.62268,
USA,CCI,AMPLITUD,LTRENDIDX,M,1974-04,97.83875,
USA,CCI,AMPLITUD,LTRENDIDX,M,1974-05,97.77357,
USA,CCI,AMPLITUD,LTRENDIDX,M,1974-06,97.52392,
USA,CCI,AMPLITUD,LTRENDIDX,M,1974-07,97.21961,
USA,CCI,AMPLITUD,LTRENDIDX,M,1974-08,96.94339,
USA,CCI,AMPLITUD,LTRENDIDX,M,1974-09,96.70535,
USA,CCI,AMPLITUD,LTRENDIDX,M,1974-10,96.50927,
USA,CCI,AMPLITUD,LTRENDIDX,M,1974-11,96.38078,
USA,CCI,AMPLITUD,LTRENDIDX,M,1974-12,96.35349,
USA,CCI,AMPLITUD,LTRENDIDX,M,1975-01,96.51617,
USA,CCI,AMPLITUD,LTRENDIDX,M,1975-02,96.95857,
USA,CCI,AMPLITUD,LTRENDIDX,M,1975-03,97.52742,
USA,CCI,AMPLITUD,LTRENDIDX,M,1975-04,98.0351,
USA,CCI,AMPLITUD,LTRENDIDX,M,1975-05,98.3419,
USA,CCI,AMPLITUD,LTRENDIDX,M,1975-06,98.49945,
USA,CCI,AMPLITUD,LTRENDIDX,M,1975-07,98.56818,
USA,CCI,AMPLITUD,LTRENDIDX,M,1975-08,98.58396,
USA,CCI,AMPLITUD,LTRENDIDX,M,1975-09,98.61359,
USA,CCI,AMPLITUD,LTRENDIDX,M,1975-10,98.73473,
USA,CCI,AMPLITUD,LTRENDIDX,M,1975-11,99.00205,
USA,CCI,AMPLITUD,LTRENDIDX,M,1975-12,99.32171,
USA,CCI,AMPLITUD,LTRENDIDX,M,1976-01,99.56963,
USA,CCI,AMPLITUD,LTRENDIDX,M,1976-02,99.65733,
USA,CCI,AMPLITUD,LTRENDIDX,M,1976-03,99.66959,
USA,CCI,AMPLITUD,LTRENDIDX,M,1976-04,99.72097,
USA,CCI,AMPLITUD,LTRENDIDX,M,1976-05,99.88794,
USA,CCI,AMPLITUD,LTRENDIDX,M,1976-06,100.1018,
USA,CCI,AMPLITUD,LTRENDIDX,M,1976-07,100.2557,
USA,CCI,AMPLITUD,LTRENDIDX,M,1976-08,100.2654,
USA,CCI,AMPLITUD,LTRENDIDX,M,1976-09,100.1889,
USA,CCI,AMPLITUD,LTRENDIDX,M,1976-10,100.1015,
USA,CCI,AMPLITUD,LTRENDIDX,M,1976-11,100.0566,
USA,CCI,AMPLITUD,LTRENDIDX,M,1976-12,100.0574,
USA,CCI,AMPLITUD,LTRENDIDX,M,1977-01,100.106,
USA,CCI,AMPLITUD,LTRENDIDX,M,1977-02,100.2071,
USA,CCI,AMPLITUD,LTRENDIDX,M,1977-03,100.3235,
USA,CCI,AMPLITUD,LTRENDIDX,M,1977-04,100.4078,
USA,CCI,AMPLITUD,LTRENDIDX,M,1977-05,100.4188,
USA,CCI,AMPLITUD,LTRENDIDX,M,1977-06,100.3698,
USA,CCI,AMPLITUD,LTRENDIDX,M,1977-07,100.2667,
USA,CCI,AMPLITUD,LTRENDIDX,M,1977-08,100.1051,
USA,CCI,AMPLITUD,LTRENDIDX,M,1977-09,99.92242,
USA,CCI,AMPLITUD,LTRENDIDX,M,1977-10,99.76207,
USA,CCI,AMPLITUD,LTRENDIDX,M,1977-11,99.65927,
USA,CCI,AMPLITUD,LTRENDIDX,M,1977-12,99.60435,
USA,CCI,AMPLITUD,LTRENDIDX,M,1978-01,99.56834,
USA,CCI,AMPLITUD,LTRENDIDX,M,1978-02,99.48093,
USA,CCI,AMPLITUD,LTRENDIDX,M,1978-03,99.3306,
USA,CCI,AMPLITUD,LTRENDIDX,M,1978-04,99.32922,
USA,CCI,AMPLITUD,LTRENDIDX,M,1978-05,99.35559,
USA,CCI,AMPLITUD,LTRENDIDX,M,1978-06,99.31656,
USA,CCI,AMPLITUD,LTRENDIDX,M,1978-07,99.2878,
USA,CCI,AMPLITUD,LTRENDIDX,M,1978-08,99.18014,
USA,CCI,AMPLITUD,LTRENDIDX,M,1978-09,99.07669,
USA,CCI,AMPLITUD,LTRENDIDX,M,1978-10,98.82655,
USA,CCI,AMPLITUD,LTRENDIDX,M,1978-11,98.4052,
USA,CCI,AMPLITUD,LTRENDIDX,M,1978-12,98.02339,
USA,CCI,AMPLITUD,LTRENDIDX,M,1979-01,97.99577,
USA,CCI,AMPLITUD,LTRENDIDX,M,1979-02,97.97907,
USA,CCI,AMPLITUD,LTRENDIDX,M,1979-03,97.77074,
USA,CCI,AMPLITUD,LTRENDIDX,M,1979-04,97.55695,
USA,CCI,AMPLITUD,LTRENDIDX,M,1979-05,97.41413,
USA,CCI,AMPLITUD,LTRENDIDX,M,1979-06,97.21439,
USA,CCI,AMPLITUD,LTRENDIDX,M,1979-07,97.03813,
USA,CCI,AMPLITUD,LTRENDIDX,M,1979-08,97.07827,
USA,CCI,AMPLITUD,LTRENDIDX,M,1979-09,97.12253,
USA,CCI,AMPLITUD,LTRENDIDX,M,1979-10,97.04018,
USA,CCI,AMPLITUD,LTRENDIDX,M,1979-11,97.0205,
USA,CCI,AMPLITUD,LTRENDIDX,M,1979-12,97.06403,
USA,CCI,AMPLITUD,LTRENDIDX,M,1980-01,97.15643,
USA,CCI,AMPLITUD,LTRENDIDX,M,1980-02,96.92933,
USA,CCI,AMPLITUD,LTRENDIDX,M,1980-03,96.33908,
USA,CCI,AMPLITUD,LTRENDIDX,M,1980-04,95.88094,
USA,CCI,AMPLITUD,LTRENDIDX,M,1980-05,95.84285,
USA,CCI,AMPLITUD,LTRENDIDX,M,1980-06,96.27521,
USA,CCI,AMPLITUD,LTRENDIDX,M,1980-07,96.90053,
USA,CCI,AMPLITUD,LTRENDIDX,M,1980-08,97.58057,
USA,CCI,AMPLITUD,LTRENDIDX,M,1980-09,98.15366,
USA,CCI,AMPLITUD,LTRENDIDX,M,1980-10,98.39725,
USA,CCI,AMPLITUD,LTRENDIDX,M,1980-11,98.27722,
USA,CCI,AMPLITUD,LTRENDIDX,M,1980-12,97.87135,
USA,CCI,AMPLITUD,LTRENDIDX,M,1981-01,97.70781,
USA,CCI,AMPLITUD,LTRENDIDX,M,1981-02,97.60329,
USA,CCI,AMPLITUD,LTRENDIDX,M,1981-03,97.71318,
USA,CCI,AMPLITUD,LTRENDIDX,M,1981-04,98.05782,
USA,CCI,AMPLITUD,LTRENDIDX,M,1981-05,98.36124,
USA,CCI,AMPLITUD,LTRENDIDX,M,1981-06,98.46469,
USA,CCI,AMPLITUD,LTRENDIDX,M,1981-07,98.52436,
USA,CCI,AMPLITUD,LTRENDIDX,M,1981-08,98.4968,
USA,CCI,AMPLITUD,LTRENDIDX,M,1981-09,98.20769,
USA,CCI,AMPLITUD,LTRENDIDX,M,1981-10,97.77776,
USA,CCI,AMPLITUD,LTRENDIDX,M,1981-11,97.38509,
USA,CCI,AMPLITUD,LTRENDIDX,M,1981-12,97.33517,
USA,CCI,AMPLITUD,LTRENDIDX,M,1982-01,97.45121,
USA,CCI,AMPLITUD,LTRENDIDX,M,1982-02,97.35541,
USA,CCI,AMPLITUD,LTRENDIDX,M,1982-03,97.21385,
USA,CCI,AMPLITUD,LTRENDIDX,M,1982-04,97.25408,
USA,CCI,AMPLITUD,LTRENDIDX,M,1982-05,97.32835,
USA,CCI,AMPLITUD,LTRENDIDX,M,1982-06,97.32313,
USA,CCI,AMPLITUD,LTRENDIDX,M,1982-07,97.34193,
USA,CCI,AMPLITUD,LTRENDIDX,M,1982-08,97.47919,
USA,CCI,AMPLITUD,LTRENDIDX,M,1982-09,97.76284,
USA,CCI,AMPLITUD,LTRENDIDX,M,1982-10,98.01716,
USA,CCI,AMPLITUD,LTRENDIDX,M,1982-11,98.08025,
USA,CCI,AMPLITUD,LTRENDIDX,M,1982-12,98.07658,
USA,CCI,AMPLITUD,LTRENDIDX,M,1983-01,98.18689,
USA,CCI,AMPLITUD,LTRENDIDX,M,1983-02,98.62611,
USA,CCI,AMPLITUD,LTRENDIDX,M,1983-03,99.34029,
USA,CCI,AMPLITUD,LTRENDIDX,M,1983-04,100.1072,
USA,CCI,AMPLITUD,LTRENDIDX,M,1983-05,100.6187,
USA,CCI,AMPLITUD,LTRENDIDX,M,1983-06,100.7808,
USA,CCI,AMPLITUD,LTRENDIDX,M,1983-07,100.7415,
USA,CCI,AMPLITUD,LTRENDIDX,M,1983-08,100.5875,
USA,CCI,AMPLITUD,LTRENDIDX,M,1983-09,100.4608,
USA,CCI,AMPLITUD,LTRENDIDX,M,1983-10,100.4682,
USA,CCI,AMPLITUD,LTRENDIDX,M,1983-11,100.6795,
USA,CCI,AMPLITUD,LTRENDIDX,M,1983-12,101.0433,
USA,CCI,AMPLITUD,LTRENDIDX,M,1984-01,101.4067,
USA,CCI,AMPLITUD,LTRENDIDX,M,1984-02,101.5504,
USA,CCI,AMPLITUD,LTRENDIDX,M,1984-03,101.5828,
USA,CCI,AMPLITUD,LTRENDIDX,M,1984-04,101.4496,
USA,CCI,AMPLITUD,LTRENDIDX,M,1984-05,101.3643,
USA,CCI,AMPLITUD,LTRENDIDX,M,1984-06,101.3114,
USA,CCI,AMPLITUD,LTRENDIDX,M,1984-07,101.3888,
USA,CCI,AMPLITUD,LTRENDIDX,M,1984-08,101.5266,
USA,CCI,AMPLITUD,LTRENDIDX,M,1984-09,101.5513,
USA,CCI,AMPLITUD,LTRENDIDX,M,1984-10,101.3686,
USA,CCI,AMPLITUD,LTRENDIDX,M,1984-11,101.1708,
USA,CCI,AMPLITUD,LTRENDIDX,M,1984-12,101.0278,
USA,CCI,AMPLITUD,LTRENDIDX,M,1985-01,101.0079,
USA,CCI,AMPLITUD,LTRENDIDX,M,1985-02,100.9612,
USA,CCI,AMPLITUD,LTRENDIDX,M,1985-03,100.9379,
USA,CCI,AMPLITUD,LTRENDIDX,M,1985-04,100.939,
USA,CCI,AMPLITUD,LTRENDIDX,M,1985-05,100.9401,
USA,CCI,AMPLITUD,LTRENDIDX,M,1985-06,101.0057,
USA,CCI,AMPLITUD,LTRENDIDX,M,1985-07,100.9282,
USA,CCI,AMPLITUD,LTRENDIDX,M,1985-08,100.7665,
USA,CCI,AMPLITUD,LTRENDIDX,M,1985-09,100.6023,
USA,CCI,AMPLITUD,LTRENDIDX,M,1985-10,100.4956,
USA,CCI,AMPLITUD,LTRENDIDX,M,1985-11,100.6111,
USA,CCI,AMPLITUD,LTRENDIDX,M,1985-12,100.8488,
USA,CCI,AMPLITUD,LTRENDIDX,M,1986-01,101.0504,
USA,CCI,AMPLITUD,LTRENDIDX,M,1986-02,101.1464,
USA,CCI,AMPLITUD,LTRENDIDX,M,1986-03,101.1737,
USA,CCI,AMPLITUD,LTRENDIDX,M,1986-04,101.2176,
USA,CCI,AMPLITUD,LTRENDIDX,M,1986-05,101.2819,
USA,CCI,AMPLITUD,LTRENDIDX,M,1986-06,101.3866,
USA,CCI,AMPLITUD,LTRENDIDX,M,1986-07,101.3232,
USA,CCI,AMPLITUD,LTRENDIDX,M,1986-08,101.1286,
USA,CCI,AMPLITUD,LTRENDIDX,M,1986-09,100.9428,
USA,CCI,AMPLITUD,LTRENDIDX,M,1986-10,100.8436,
USA,CCI,AMPLITUD,LTRENDIDX,M,1986-11,100.6471,
USA,CCI,AMPLITUD,LTRENDIDX,M,1986-12,100.4821,
USA,CCI,AMPLITUD,LTRENDIDX,M,1987-01,100.4472,
USA,CCI,AMPLITUD,LTRENDIDX,M,1987-02,100.4799,
USA,CCI,AMPLITUD,LTRENDIDX,M,1987-03,100.5589,
USA,CCI,AMPLITUD,LTRENDIDX,M,1987-04,100.6453,
USA,CCI,AMPLITUD,LTRENDIDX,M,1987-05,100.6809,
USA,CCI,AMPLITUD,LTRENDIDX,M,1987-06,100.7592,
USA,CCI,AMPLITUD,LTRENDIDX,M,1987-07,100.8704,
USA,CCI,AMPLITUD,LTRENDIDX,M,1987-08,100.8755,
USA,CCI,AMPLITUD,LTRENDIDX,M,1987-09,100.6771,
USA,CCI,AMPLITUD,LTRENDIDX,M,1987-10,100.3049,
USA,CCI,AMPLITUD,LTRENDIDX,M,1987-11,100.0105,
USA,CCI,AMPLITUD,LTRENDIDX,M,1987-12,100.0878,
USA,CCI,AMPLITUD,LTRENDIDX,M,1988-01,100.3699,
USA,CCI,AMPLITUD,LTRENDIDX,M,1988-02,100.628,
USA,CCI,AMPLITUD,LTRENDIDX,M,1988-03,100.8029,
USA,CCI,AMPLITUD,LTRENDIDX,M,1988-04,100.8498,
USA,CCI,AMPLITUD,LTRENDIDX,M,1988-05,100.9492,
USA,CCI,AMPLITUD,LTRENDIDX,M,1988-06,101.0224,
USA,CCI,AMPLITUD,LTRENDIDX,M,1988-07,101.0954,
USA,CCI,AMPLITUD,LTRENDIDX,M,1988-08,101.2123,
USA,CCI,AMPLITUD,LTRENDIDX,M,1988-09,101.1958,
USA,CCI,AMPLITUD,LTRENDIDX,M,1988-10,101.0441,
USA,CCI,AMPLITUD,LTRENDIDX,M,1988-11,100.9343,
USA,CCI,AMPLITUD,LTRENDIDX,M,1988-12,100.963,
USA,CCI,AMPLITUD,LTRENDIDX,M,1989-01,101.1152,
USA,CCI,AMPLITUD,LTRENDIDX,M,1989-02,101.0933,
USA,CCI,AMPLITUD,LTRENDIDX,M,1989-03,100.9371,
USA,CCI,AMPLITUD,LTRENDIDX,M,1989-04,100.7234,
USA,CCI,AMPLITUD,LTRENDIDX,M,1989-05,100.5815,
USA,CCI,AMPLITUD,LTRENDIDX,M,1989-06,100.5468,
USA,CCI,AMPLITUD,LTRENDIDX,M,1989-07,100.5998,
USA,CCI,AMPLITUD,LTRENDIDX,M,1989-08,100.6881,
USA,CCI,AMPLITUD,LTRENDIDX,M,1989-09,100.8535,
USA,CCI,AMPLITUD,LTRENDIDX,M,1989-10,100.8348,
USA,CCI,AMPLITUD,LTRENDIDX,M,1989-11,100.6998,
USA,CCI,AMPLITUD,LTRENDIDX,M,1989-12,100.6191,
USA,CCI,AMPLITUD,LTRENDIDX,M,1990-01,100.6162,
USA,CCI,AMPLITUD,LTRENDIDX,M,1990-02,100.5966,
USA,CCI,AMPLITUD,LTRENDIDX,M,1990-03,100.6716,
USA,CCI,AMPLITUD,LTRENDIDX,M,1990-04,100.7287,
USA,CCI,AMPLITUD,LTRENDIDX,M,1990-05,100.5875,
USA,CCI,AMPLITUD,LTRENDIDX,M,1990-06,100.2768,
USA,CCI,AMPLITUD,LTRENDIDX,M,1990-07,99.75204,
USA,CCI,AMPLITUD,LTRENDIDX,M,1990-08,98.91009,
USA,CCI,AMPLITUD,LTRENDIDX,M,1990-09,98.10123,
USA,CCI,AMPLITUD,LTRENDIDX,M,1990-10,97.45477,
USA,CCI,AMPLITUD,LTRENDIDX,M,1990-11,97.2252,
USA,CCI,AMPLITUD,LTRENDIDX,M,1990-12,97.29499,
USA,CCI,AMPLITUD,LTRENDIDX,M,1991-01,97.674,
USA,CCI,AMPLITUD,LTRENDIDX,M,1991-02,98.36543,
USA,CCI,AMPLITUD,LTRENDIDX,M,1991-03,99.15391,
USA,CCI,AMPLITUD,LTRENDIDX,M,1991-04,99.37662,
USA,CCI,AMPLITUD,LTRENDIDX,M,1991-05,99.35806,
USA,CCI,AMPLITUD,LTRENDIDX,M,1991-06,99.42917,
USA,CCI,AMPLITUD,LTRENDIDX,M,1991-07,99.49602,
USA,CCI,AMPLITUD,LTRENDIDX,M,1991-08,99.45712,
USA,CCI,AMPLITUD,LTRENDIDX,M,1991-09,99.23935,
USA,CCI,AMPLITUD,LTRENDIDX,M,1991-10,98.72116,
USA,CCI,AMPLITUD,LTRENDIDX,M,1991-11,98.07891,
USA,CCI,AMPLITUD,LTRENDIDX,M,1991-12,97.70103,
USA,CCI,AMPLITUD,LTRENDIDX,M,1992-01,97.648,
USA,CCI,AMPLITUD,LTRENDIDX,M,1992-02,97.9146,
USA,CCI,AMPLITUD,LTRENDIDX,M,1992-03,98.39291,
USA,CCI,AMPLITUD,LTRENDIDX,M,1992-04,98.77289,
USA,CCI,AMPLITUD,LTRENDIDX,M,1992-05,98.98923,
USA,CCI,AMPLITUD,LTRENDIDX,M,1992-06,98.9956,
USA,CCI,AMPLITUD,LTRENDIDX,M,1992-07,98.80538,
USA,CCI,AMPLITUD,LTRENDIDX,M,1992-08,98.63943,
USA,CCI,AMPLITUD,LTRENDIDX,M,1992-09,98.62801,
USA,CCI,AMPLITUD,LTRENDIDX,M,1992-10,98.91251,
USA,CCI,AMPLITUD,LTRENDIDX,M,1992-11,99.59254,
USA,CCI,AMPLITUD,LTRENDIDX,M,1992-12,100.1459,
USA,CCI,AMPLITUD,LTRENDIDX,M,1993-01,100.2907,
USA,CCI,AMPLITUD,LTRENDIDX,M,1993-02,100.1644,
USA,CCI,AMPLITUD,LTRENDIDX,M,1993-03,99.9605,
USA,CCI,AMPLITUD,LTRENDIDX,M,1993-04,99.70816,
USA,CCI,AMPLITUD,LTRENDIDX,M,1993-05,99.38583,
USA,CCI,AMPLITUD,LTRENDIDX,M,1993-06,99.13515,
USA,CCI,AMPLITUD,LTRENDIDX,M,1993-07,98.90226,
USA,CCI,AMPLITUD,LTRENDIDX,M,1993-08,98.84255,
USA,CCI,AMPLITUD,LTRENDIDX,M,1993-09,98.97537,
USA,CCI,AMPLITUD,LTRENDIDX,M,1993-10,99.28226,
USA,CCI,AMPLITUD,LTRENDIDX,M,1993-11,99.65118,
USA,CCI,AMPLITUD,LTRENDIDX,M,1993-12,100.1866,
USA,CCI,AMPLITUD,LTRENDIDX,M,1994-01,100.6475,
USA,CCI,AMPLITUD,LTRENDIDX,M,1994-02,100.8122,
USA,CCI,AMPLITUD,LTRENDIDX,M,1994-03,100.8004,
USA,CCI,AMPLITUD,LTRENDIDX,M,1994-04,100.7679,
USA,CCI,AMPLITUD,LTRENDIDX,M,1994-05,100.6995,
USA,CCI,AMPLITUD,LTRENDIDX,M,1994-06,100.5832,
USA,CCI,AMPLITUD,LTRENDIDX,M,1994-07,100.5037,
USA,CCI,AMPLITUD,LTRENDIDX,M,1994-08,100.5541,
USA,CCI,AMPLITUD,LTRENDIDX,M,1994-09,100.6315,
USA,CCI,AMPLITUD,LTRENDIDX,M,1994-10,100.7345,
USA,CCI,AMPLITUD,LTRENDIDX,M,1994-11,100.8596,
USA,CCI,AMPLITUD,LTRENDIDX,M,1994-12,101.0528,
USA,CCI,AMPLITUD,LTRENDIDX,M,1995-01,101.1427,
USA,CCI,AMPLITUD,LTRENDIDX,M,1995-02,100.9972,
USA,CCI,AMPLITUD,LTRENDIDX,M,1995-03,100.7551,
USA,CCI,AMPLITUD,LTRENDIDX,M,1995-04,100.6502,
USA,CCI,AMPLITUD,LTRENDIDX,M,1995-05,100.6363,
USA,CCI,AMPLITUD,LTRENDIDX,M,1995-06,100.7754,
USA,CCI,AMPLITUD,LTRENDIDX,M,1995-07,100.9038,
USA,CCI,AMPLITUD,LTRENDIDX,M,1995-08,100.8667,
USA,CCI,AMPLITUD,LTRENDIDX,M,1995-09,100.6072,
USA,CCI,AMPLITUD,LTRENDIDX,M,1995-10,100.4357,
USA,CCI,AMPLITUD,LTRENDIDX,M,1995-11,100.3506,
USA,CCI,AMPLITUD,LTRENDIDX,M,1995-12,100.3769,
USA,CCI,AMPLITUD,LTRENDIDX,M,1996-01,100.3947,
USA,CCI,AMPLITUD,LTRENDIDX,M,1996-02,100.4725,
USA,CCI,AMPLITUD,LTRENDIDX,M,1996-03,100.6311,
USA,CCI,AMPLITUD,LTRENDIDX,M,1996-04,100.6624,
USA,CCI,AMPLITUD,LTRENDIDX,M,1996-05,100.6398,
USA,CCI,AMPLITUD,LTRENDIDX,M,1996-06,100.758,
USA,CCI,AMPLITUD,LTRENDIDX,M,1996-07,100.9317,
USA,CCI,AMPLITUD,LTRENDIDX,M,1996-08,101.0625,
USA,CCI,AMPLITUD,LTRENDIDX,M,1996-09,101.1613,
USA,CCI,AMPLITUD,LTRENDIDX,M,1996-10,101.2944,
USA,CCI,AMPLITUD,LTRENDIDX,M,1996-11,101.4075,
USA,CCI,AMPLITUD,LTRENDIDX,M,1996-12,101.4241,
USA,CCI,AMPLITUD,LTRENDIDX,M,1997-01,101.4793,
USA,CCI,AMPLITUD,LTRENDIDX,M,1997-02,101.6076,
USA,CCI,AMPLITUD,LTRENDIDX,M,1997-03,101.7521,
USA,CCI,AMPLITUD,LTRENDIDX,M,1997-04,101.9315,
USA,CCI,AMPLITUD,LTRENDIDX,M,1997-05,102.1342,
USA,CCI,AMPLITUD,LTRENDIDX,M,1997-06,102.3188,
USA,CCI,AMPLITUD,LTRENDIDX,M,1997-07,102.443,
USA,CCI,AMPLITUD,LTRENDIDX,M,1997-08,102.4459,
USA,CCI,AMPLITUD,LTRENDIDX,M,1997-09,102.4578,
USA,CCI,AMPLITUD,LTRENDIDX,M,1997-10,102.4503,
USA,CCI,AMPLITUD,LTRENDIDX,M,1997-11,102.4302,
USA,CCI,AMPLITUD,LTRENDIDX,M,1997-12,102.3958,
USA,CCI,AMPLITUD,LTRENDIDX,M,1998-01,102.5619,
USA,CCI,AMPLITUD,LTRENDIDX,M,1998-02,102.7396,
USA,CCI,AMPLITUD,LTRENDIDX,M,1998-03,102.7478,
USA,CCI,AMPLITUD,LTRENDIDX,M,1998-04,102.7244,
USA,CCI,AMPLITUD,LTRENDIDX,M,1998-05,102.6167,
USA,CCI,AMPLITUD,LTRENDIDX,M,1998-06,102.4872,
USA,CCI,AMPLITUD,LTRENDIDX,M,1998-07,102.339,
USA,CCI,AMPLITUD,LTRENDIDX,M,1998-08,102.1297,
USA,CCI,AMPLITUD,LTRENDIDX,M,1998-09,101.8678,
USA,CCI,AMPLITUD,LTRENDIDX,M,1998-10,101.7197,
USA,CCI,AMPLITUD,LTRENDIDX,M,1998-11,101.8214,
USA,CCI,AMPLITUD,LTRENDIDX,M,1998-12,101.9769,
USA,CCI,AMPLITUD,LTRENDIDX,M,1999-01,102.2377,
USA,CCI,AMPLITUD,LTRENDIDX,M,1999-02,102.4642,
USA,CCI,AMPLITUD,LTRENDIDX,M,1999-03,102.5026,
USA,CCI,AMPLITUD,LTRENDIDX,M,1999-04,102.4974,
USA,CCI,AMPLITUD,LTRENDIDX,M,1999-05,102.5448,
USA,CCI,AMPLITUD,LTRENDIDX,M,1999-06,102.5569,
USA,CCI,AMPLITUD,LTRENDIDX,M,1999-07,102.4965,
USA,CCI,AMPLITUD,LTRENDIDX,M,1999-08,102.4295,
USA,CCI,AMPLITUD,LTRENDIDX,M,1999-09,102.4183,
USA,CCI,AMPLITUD,LTRENDIDX,M,1999-10,102.3959,
USA,CCI,AMPLITUD,LTRENDIDX,M,1999-11,102.5242,
USA,CCI,AMPLITUD,LTRENDIDX,M,1999-12,102.7022,
USA,CCI,AMPLITUD,LTRENDIDX,M,2000-01,102.952,
USA,CCI,AMPLITUD,LTRENDIDX,M,2000-02,103.0092,
USA,CCI,AMPLITUD,LTRENDIDX,M,2000-03,102.9216,
USA,CCI,AMPLITUD,LTRENDIDX,M,2000-04,102.9016,
USA,CCI,AMPLITUD,LTRENDIDX,M,2000-05,102.8742,
USA,CCI,AMPLITUD,LTRENDIDX,M,2000-06,102.7671,
USA,CCI,AMPLITUD,LTRENDIDX,M,2000-07,102.7309,
USA,CCI,AMPLITUD,LTRENDIDX,M,2000-08,102.6931,
USA,CCI,AMPLITUD,LTRENDIDX,M,2000-09,102.6391,
USA,CCI,AMPLITUD,LTRENDIDX,M,2000-10,102.5211,
USA,CCI,AMPLITUD,LTRENDIDX,M,2000-11,102.2478,
USA,CCI,AMPLITUD,LTRENDIDX,M,2000-12,101.674,
USA,CCI,AMPLITUD,LTRENDIDX,M,2001-01,101.1054,
USA,CCI,AMPLITUD,LTRENDIDX,M,2001-02,100.6899,
USA,CCI,AMPLITUD,LTRENDIDX,M,2001-03,100.5106,
USA,CCI,AMPLITUD,LTRENDIDX,M,2001-04,100.4746,
USA,CCI,AMPLITUD,LTRENDIDX,M,2001-05,100.6082,
USA,CCI,AMPLITUD,LTRENDIDX,M,2001-06,100.6941,
USA,CCI,AMPLITUD,LTRENDIDX,M,2001-07,100.6006,
USA,CCI,AMPLITUD,LTRENDIDX,M,2001-08,100.2729,
USA,CCI,AMPLITUD,LTRENDIDX,M,2001-09,99.80061,
USA,CCI,AMPLITUD,LTRENDIDX,M,2001-10,99.63036,
USA,CCI,AMPLITUD,LTRENDIDX,M,2001-11,99.79094,
USA,CCI,AMPLITUD,LTRENDIDX,M,2001-12,100.1796,
USA,CCI,AMPLITUD,LTRENDIDX,M,2002-01,100.5554,
USA,CCI,AMPLITUD,LTRENDIDX,M,2002-02,100.7805,
USA,CCI,AMPLITUD,LTRENDIDX,M,2002-03,100.9841,
USA,CCI,AMPLITUD,LTRENDIDX,M,2002-04,101.0414,
USA,CCI,AMPLITUD,LTRENDIDX,M,2002-05,101.0131,
USA,CCI,AMPLITUD,LTRENDIDX,M,2002-06,100.7406,
USA,CCI,AMPLITUD,LTRENDIDX,M,2002-07,100.3757,
USA,CCI,AMPLITUD,LTRENDIDX,M,2002-08,100.075,
USA,CCI,AMPLITUD,LTRENDIDX,M,2002-09,99.81195,
USA,CCI,AMPLITUD,LTRENDIDX,M,2002-10,99.61336,
USA,CCI,AMPLITUD,LTRENDIDX,M,2002-11,99.62971,
USA,CCI,AMPLITUD,LTRENDIDX,M,2002-12,99.62696,
USA,CCI,AMPLITUD,LTRENDIDX,M,2003-01,99.43275,
USA,CCI,AMPLITUD,LTRENDIDX,M,2003-02,99.2605,
USA,CCI,AMPLITUD,LTRENDIDX,M,2003-03,99.35098,
USA,CCI,AMPLITUD,LTRENDIDX,M,2003-04,99.82337,
USA,CCI,AMPLITUD,LTRENDIDX,M,2003-05,100.2891,
USA,CCI,AMPLITUD,LTRENDIDX,M,2003-06,100.459,
USA,CCI,AMPLITUD,LTRENDIDX,M,2003-07,100.4615,
USA,CCI,AMPLITUD,LTRENDIDX,M,2003-08,100.3642,
USA,CCI,AMPLITUD,LTRENDIDX,M,2003-09,100.3256,
USA,CCI,AMPLITUD,LTRENDIDX,M,2003-10,100.487,
USA,CCI,AMPLITUD,LTRENDIDX,M,2003-11,100.8052,
USA,CCI,AMPLITUD,LTRENDIDX,M,2003-12,101.1352,
USA,CCI,AMPLITUD,LTRENDIDX,M,2004-01,101.4394,
USA,CCI,AMPLITUD,LTRENDIDX,M,2004-02,101.3157,
USA,CCI,AMPLITUD,LTRENDIDX,M,2004-03,101.1329,
USA,CCI,AMPLITUD,LTRENDIDX,M,2004-04,100.9466,
USA,CCI,AMPLITUD,LTRENDIDX,M,2004-05,100.8613,
USA,CCI,AMPLITUD,LTRENDIDX,M,2004-06,101.0115,
USA,CCI,AMPLITUD,LTRENDIDX,M,2004-07,101.1328,
USA,CCI,AMPLITUD,LTRENDIDX,M,2004-08,101.1059,
USA,CCI,AMPLITUD,LTRENDIDX,M,2004-09,100.9765,
USA,CCI,AMPLITUD,LTRENDIDX,M,2004-10,100.8793,
USA,CCI,AMPLITUD,LTRENDIDX,M,2004-11,100.9492,
USA,CCI,AMPLITUD,LTRENDIDX,M,2004-12,101.097,
USA,CCI,AMPLITUD,LTRENDIDX,M,2005-01,101.081,
USA,CCI,AMPLITUD,LTRENDIDX,M,2005-02,100.9115,
USA,CCI,AMPLITUD,LTRENDIDX,M,2005-03,100.6616,
USA,CCI,AMPLITUD,LTRENDIDX,M,2005-04,100.4564,
USA,CCI,AMPLITUD,LTRENDIDX,M,2005-05,100.5304,
USA,CCI,AMPLITUD,LTRENDIDX,M,2005-06,100.8029,
USA,CCI,AMPLITUD,LTRENDIDX,M,2005-07,100.701,
USA,CCI,AMPLITUD,LTRENDIDX,M,2005-08,100.0571,
USA,CCI,AMPLITUD,LTRENDIDX,M,2005-09,99.27443,
USA,CCI,AMPLITUD,LTRENDIDX,M,2005-10,99.02043,
USA,CCI,AMPLITUD,LTRENDIDX,M,2005-11,99.44137,
USA,CCI,AMPLITUD,LTRENDIDX,M,2005-12,100.0695,
USA,CCI,AMPLITUD,LTRENDIDX,M,2006-01,100.3529,
USA,CCI,AMPLITUD,LTRENDIDX,M,2006-02,100.2999,
USA,CCI,AMPLITUD,LTRENDIDX,M,2006-03,100.1569,
USA,CCI,AMPLITUD,LTRENDIDX,M,2006-04,99.88295,
USA,CCI,AMPLITUD,LTRENDIDX,M,2006-05,99.57595,
USA,CCI,AMPLITUD,LTRENDIDX,M,2006-06,99.55334,
USA,CCI,AMPLITUD,LTRENDIDX,M,2006-07,99.5927,
USA,CCI,AMPLITUD,LTRENDIDX,M,2006-08,99.69968,
USA,CCI,AMPLITUD,LTRENDIDX,M,2006-09,100.0429,
USA,CCI,AMPLITUD,LTRENDIDX,M,2006-10,100.5,
USA,CCI,AMPLITUD,LTRENDIDX,M,2006-11,100.7515,
USA,CCI,AMPLITUD,LTRENDIDX,M,2006-12,100.8771,
USA,CCI,AMPLITUD,LTRENDIDX,M,2007-01,100.912,
USA,CCI,AMPLITUD,LTRENDIDX,M,2007-02,100.6691,
USA,CCI,AMPLITUD,LTRENDIDX,M,2007-03,100.3733,
USA,CCI,AMPLITUD,LTRENDIDX,M,2007-04,100.1838,
USA,CCI,AMPLITUD,LTRENDIDX,M,2007-05,100.1182,
USA,CCI,AMPLITUD,LTRENDIDX,M,2007-06,100.0739,
USA,CCI,AMPLITUD,LTRENDIDX,M,2007-07,100.0488,
USA,CCI,AMPLITUD,LTRENDIDX,M,2007-08,99.79932,
USA,CCI,AMPLITUD,LTRENDIDX,M,2007-09,99.52166,
USA,CCI,AMPLITUD,LTRENDIDX,M,2007-10,99.20112,
USA,CCI,AMPLITUD,LTRENDIDX,M,2007-11,98.89005,
USA,CCI,AMPLITUD,LTRENDIDX,M,2007-12,98.70703,
USA,CCI,AMPLITUD,LTRENDIDX,M,2008-01,98.53111,
USA,CCI,AMPLITUD,LTRENDIDX,M,2008-02,98.10773,
USA,CCI,AMPLITUD,LTRENDIDX,M,2008-03,97.5973,
USA,CCI,AMPLITUD,LTRENDIDX,M,2008-04,97.02193,
USA,CCI,AMPLITUD,LTRENDIDX,M,2008-05,96.60883,
USA,CCI,AMPLITUD,LTRENDIDX,M,2008-06,96.47892,
USA,CCI,AMPLITUD,LTRENDIDX,M,2008-07,96.70014,
USA,CCI,AMPLITUD,LTRENDIDX,M,2008-08,96.9804,
USA,CCI,AMPLITUD,LTRENDIDX,M,2008-09,97.06323,
USA,CCI,AMPLITUD,LTRENDIDX,M,2008-10,96.67883,
USA,CCI,AMPLITUD,LTRENDIDX,M,2008-11,96.39935,
USA,CCI,AMPLITUD,LTRENDIDX,M,2008-12,96.39122,
USA,CCI,AMPLITUD,LTRENDIDX,M,2009-01,96.39907,
USA,CCI,AMPLITUD,LTRENDIDX,M,2009-02,96.37071,
USA,CCI,AMPLITUD,LTRENDIDX,M,2009-03,96.59064,
USA,CCI,AMPLITUD,LTRENDIDX,M,2009-04,97.07868,
USA,CCI,AMPLITUD,LTRENDIDX,M,2009-05,97.49862,
USA,CCI,AMPLITUD,LTRENDIDX,M,2009-06,97.67248,
USA,CCI,AMPLITUD,LTRENDIDX,M,2009-07,97.62324,
USA,CCI,AMPLITUD,LTRENDIDX,M,2009-08,97.67081,
USA,CCI,AMPLITUD,LTRENDIDX,M,2009-09,97.8645,
USA,CCI,AMPLITUD,LTRENDIDX,M,2009-10,97.89678,
USA,CCI,AMPLITUD,LTRENDIDX,M,2009-11,97.91206,
USA,CCI,AMPLITUD,LTRENDIDX,M,2009-12,98.10169,
USA,CCI,AMPLITUD,LTRENDIDX,M,2010-01,98.27747,
USA,CCI,AMPLITUD,LTRENDIDX,M,2010-02,98.33739,
USA,CCI,AMPLITUD,LTRENDIDX,M,2010-03,98.33402,
USA,CCI,AMPLITUD,LTRENDIDX,M,2010-04,98.31181,
USA,CCI,AMPLITUD,LTRENDIDX,M,2010-05,98.31043,
USA,CCI,AMPLITUD,LTRENDIDX,M,2010-06,98.20708,
USA,CCI,AMPLITUD,LTRENDIDX,M,2010-07,97.89777,
USA,CCI,AMPLITUD,LTRENDIDX,M,2010-08,97.70914,
USA,CCI,AMPLITUD,LTRENDIDX,M,2010-09,97.65389,
USA,CCI,AMPLITUD,LTRENDIDX,M,2010-10,97.76093,
USA,CCI,AMPLITUD,LTRENDIDX,M,2010-11,98.04052,
USA,CCI,AMPLITUD,LTRENDIDX,M,2010-12,98.31308,
USA,CCI,AMPLITUD,LTRENDIDX,M,2011-01,98.43073,
USA,CCI,AMPLITUD,LTRENDIDX,M,2011-02,98.37743,
USA,CCI,AMPLITUD,LTRENDIDX,M,2011-03,98.11275,
USA,CCI,AMPLITUD,LTRENDIDX,M,2011-04,98.04929,
USA,CCI,AMPLITUD,LTRENDIDX,M,2011-05,98.03223,
USA,CCI,AMPLITUD,LTRENDIDX,M,2011-06,97.69839,
USA,CCI,AMPLITUD,LTRENDIDX,M,2011-07,97.07156,
USA,CCI,AMPLITUD,LTRENDIDX,M,2011-08,96.53654,
USA,CCI,AMPLITUD,LTRENDIDX,M,2011-09,96.46355,
USA,CCI,AMPLITUD,LTRENDIDX,M,2011-10,96.71526,
USA,CCI,AMPLITUD,LTRENDIDX,M,2011-11,97.19521,
USA,CCI,AMPLITUD,LTRENDIDX,M,2011-12,97.78888,
USA,CCI,AMPLITUD,LTRENDIDX,M,2012-01,98.295,
USA,CCI,AMPLITUD,LTRENDIDX,M,2012-02,98.57716,
USA,CCI,AMPLITUD,LTRENDIDX,M,2012-03,98.71314,
USA,CCI,AMPLITUD,LTRENDIDX,M,2012-04,98.75125,
USA,CCI,AMPLITUD,LTRENDIDX,M,2012-05,98.69004,
USA,CCI,AMPLITUD,LTRENDIDX,M,2012-06,98.4659,
USA,CCI,AMPLITUD,LTRENDIDX,M,2012-07,98.38692,
USA,CCI,AMPLITUD,LTRENDIDX,M,2012-08,98.57315,
USA,CCI,AMPLITUD,LTRENDIDX,M,2012-09,98.91991,
USA,CCI,AMPLITUD,LTRENDIDX,M,2012-10,99.16858,
USA,CCI,AMPLITUD,LTRENDIDX,M,2012-11,99.07387,
USA,CCI,AMPLITUD,LTRENDIDX,M,2012-12,98.70775,
USA,CCI,AMPLITUD,LTRENDIDX,M,2013-01,98.56698,
USA,CCI,AMPLITUD,LTRENDIDX,M,2013-02,98.67989,
USA,CCI,AMPLITUD,LTRENDIDX,M,2013-03,98.86279,
USA,CCI,AMPLITUD,LTRENDIDX,M,2013-04,99.09538,
USA,CCI,AMPLITUD,LTRENDIDX,M,2013-05,99.46636,
USA,CCI,AMPLITUD,LTRENDIDX,M,2013-06,99.65816,
USA,CCI,AMPLITUD,LTRENDIDX,M,2013-07,99.61683,
USA,CCI,AMPLITUD,LTRENDIDX,M,2013-08,99.30883,
USA,CCI,AMPLITUD,LTRENDIDX,M,2013-09,98.89091,
USA,CCI,AMPLITUD,LTRENDIDX,M,2013-10,98.63254,
USA,CCI,AMPLITUD,LTRENDIDX,M,2013-11,98.74274,
USA,CCI,AMPLITUD,LTRENDIDX,M,2013-12,99.07584,
USA,CCI,AMPLITUD,LTRENDIDX,M,2014-01,99.26544,
USA,CCI,AMPLITUD,LTRENDIDX,M,2014-02,99.34232,
USA,CCI,AMPLITUD,LTRENDIDX,M,2014-03,99.3777,
USA,CCI,AMPLITUD,LTRENDIDX,M,2014-04,99.45781,
USA,CCI,AMPLITUD,LTRENDIDX,M,2014-05,99.44286,
USA,CCI,AMPLITUD,LTRENDIDX,M,2014-06,99.41389,
USA,CCI,AMPLITUD,LTRENDIDX,M,2014-07,99.40491,
USA,CCI,AMPLITUD,LTRENDIDX,M,2014-08,99.50903,
USA,CCI,AMPLITUD,LTRENDIDX,M,2014-09,99.73322,
USA,CCI,AMPLITUD,LTRENDIDX,M,2014-10,100.0484,
USA,CCI,AMPLITUD,LTRENDIDX,M,2014-11,100.4351,
USA,CCI,AMPLITUD,LTRENDIDX,M,2014-12,100.8639,
USA,CCI,AMPLITUD,LTRENDIDX,M,2015-01,101.1528,
USA,CCI,AMPLITUD,LTRENDIDX,M,2015-02,101.1553,
USA,CCI,AMPLITUD,LTRENDIDX,M,2015-03,101.0498,
USA,CCI,AMPLITUD,LTRENDIDX,M,2015-04,100.99,
USA,CCI,AMPLITUD,LTRENDIDX,M,2015-05,100.9021,
USA,CCI,AMPLITUD,LTRENDIDX,M,2015-06,100.9175,
USA,CCI,AMPLITUD,LTRENDIDX,M,2015-07,100.7921,
USA,CCI,AMPLITUD,LTRENDIDX,M,2015-08,100.585,
USA,CCI,AMPLITUD,LTRENDIDX,M,2015-09,100.3983,
USA,CCI,AMPLITUD,LTRENDIDX,M,2015-10,100.4303,
USA,CCI,AMPLITUD,LTRENDIDX,M,2015-11,100.5577,
USA,CCI,AMPLITUD,LTRENDIDX,M,2015-12,100.6638,
USA,CCI,AMPLITUD,LTRENDIDX,M,2016-01,100.6781,
USA,CCI,AMPLITUD,LTRENDIDX,M,2016-02,100.6373,
USA,CCI,AMPLITUD,LTRENDIDX,M,2016-03,100.5937,
USA,CCI,AMPLITUD,LTRENDIDX,M,2016-04,100.6178,
USA,CCI,AMPLITUD,LTRENDIDX,M,2016-05,100.7516,
USA,CCI,AMPLITUD,LTRENDIDX,M,2016-06,100.7275,
USA,CCI,AMPLITUD,LTRENDIDX,M,2016-07,100.5672,
USA,CCI,AMPLITUD,LTRENDIDX,M,2016-08,100.4513,
USA,CCI,AMPLITUD,LTRENDIDX,M,2016-09,100.4304,
USA,CCI,AMPLITUD,LTRENDIDX,M,2016-10,100.5145,
USA,CCI,AMPLITUD,LTRENDIDX,M,2016-11,100.8743,
USA,CCI,AMPLITUD,LTRENDIDX,M,2016-12,101.2432,
USA,CCI,AMPLITUD,LTRENDIDX,M,2017-01,101.4052,
USA,CCI,AMPLITUD,LTRENDIDX,M,2017-02,101.3917,
USA,CCI,AMPLITUD,LTRENDIDX,M,2017-03,101.3583,
USA,CCI,AMPLITUD,LTRENDIDX,M,2017-04,101.315,
USA,CCI,AMPLITUD,LTRENDIDX,M,2017-05,101.2372,
USA,CCI,AMPLITUD,LTRENDIDX,M,2017-06,101.1215,
USA,CCI,AMPLITUD,LTRENDIDX,M,2017-07,101.0767,
USA,CCI,AMPLITUD,LTRENDIDX,M,2017-08,101.1821,
USA,CCI,AMPLITUD,LTRENDIDX,M,2017-09,101.3141,
USA,CCI,AMPLITUD,LTRENDIDX,M,2017-10,101.4777,
USA,CCI,AMPLITUD,LTRENDIDX,M,2017-11,101.4557,
USA,CCI,AMPLITUD,LTRENDIDX,M,2017-12,101.3655,
USA,CCI,AMPLITUD,LTRENDIDX,M,2018-01,101.3975,
USA,CCI,AMPLITUD,LTRENDIDX,M,2018-02,101.5717,
USA,CCI,AMPLITUD,LTRENDIDX,M,2018-03,101.68,
USA,CCI,AMPLITUD,LTRENDIDX,M,2018-04,101.6255,
USA,CCI,AMPLITUD,LTRENDIDX,M,2018-05,101.5337,
USA,CCI,AMPLITUD,LTRENDIDX,M,2018-06,101.4717,
USA,CCI,AMPLITUD,LTRENDIDX,M,2018-07,101.438,
USA,CCI,AMPLITUD,LTRENDIDX,M,2018-08,101.4501,
USA,CCI,AMPLITUD,LTRENDIDX,M,2018-09,101.5391,
USA,CCI,AMPLITUD,LTRENDIDX,M,2018-10,101.5201,
USA,CCI,AMPLITUD,LTRENDIDX,M,2018-11,101.4034,
USA,CCI,AMPLITUD,LTRENDIDX,M,2018-12,101.2213,
USA,CCI,AMPLITUD,LTRENDIDX,M,2019-01,101.0034,
USA,CCI,AMPLITUD,LTRENDIDX,M,2019-02,101.0612,
USA,CCI,AMPLITUD,LTRENDIDX,M,2019-03,101.2939,
USA,CCI,AMPLITUD,LTRENDIDX,M,2019-04,101.4645,
USA,CCI,AMPLITUD,LTRENDIDX,M,2019-05,101.5583,
USA,CCI,AMPLITUD,LTRENDIDX,M,2019-06,101.4582,
USA,CCI,AMPLITUD,LTRENDIDX,M,2019-07,101.2108,
USA,CCI,AMPLITUD,LTRENDIDX,M,2019-08,100.8949,
USA,CCI,AMPLITUD,LTRENDIDX,M,2019-09,100.8948,
USA,CCI,AMPLITUD,LTRENDIDX,M,2019-10,101.1112,
USA,CCI,AMPLITUD,LTRENDIDX,M,2019-11,101.3979,
USA,CCI,AMPLITUD,LTRENDIDX,M,2019-12,101.6409,
USA,CCI,AMPLITUD,LTRENDIDX,M,2020-01,101.6392,
USA,CCI,AMPLITUD,LTRENDIDX,M,2020-02,101.1826,
USA,CCI,AMPLITUD,LTRENDIDX,M,2020-03,100.118,
USA,CCI,AMPLITUD,LTRENDIDX,M,2020-04,98.96004,
USA,CCI,AMPLITUD,LTRENDIDX,M,2020-05,98.42666,
USA,CCI,AMPLITUD,LTRENDIDX,M,2020-06,98.37355,
USA,CCI,AMPLITUD,LTRENDIDX,M,2020-07,98.392,
USA,CCI,AMPLITUD,LTRENDIDX,M,2020-08,98.60727,
USA,CCI,AMPLITUD,LTRENDIDX,M,2020-09,98.94052,
USA,CCI,AMPLITUD,LTRENDIDX,M,2020-10,99.09916,
USA,CCI,AMPLITUD,LTRENDIDX,M,2020-11,99.05318,
USA,CCI,AMPLITUD,LTRENDIDX,M,2020-12,99.05644,
USA,CCI,AMPLITUD,LTRENDIDX,M,2021-01,99.06293,
USA,CCI,AMPLITUD,LTRENDIDX,M,2021-02,99.21188,
USA,CCI,AMPLITUD,LTRENDIDX,M,2021-03,99.60275,
USA,CCI,AMPLITUD,LTRENDIDX,M,2021-04,99.86364,
USA,CCI,AMPLITUD,LTRENDIDX,M,2021-05,99.8013,
USA,CCI,AMPLITUD,LTRENDIDX,M,2021-06,99.57715,
USA,CCI,AMPLITUD,LTRENDIDX,M,2021-07,99.07571,
USA,CCI,AMPLITUD,LTRENDIDX,M,2021-08,98.46284,
USA,CCI,AMPLITUD,LTRENDIDX,M,2021-09,98.13461,
USA,CCI,AMPLITUD,LTRENDIDX,M,2021-10,97.92941,
USA,CCI,AMPLITUD,LTRENDIDX,M,2021-11,97.7775,
USA,CCI,AMPLITUD,LTRENDIDX,M,2021-12,97.76481,
USA,CCI,AMPLITUD,LTRENDIDX,M,2022-01,97.73226,